date,department,task,task_count
2024-08-06,Front Desk,Check-ins,2
2024-08-06,Front Desk,Check-outs,6
2024-08-06,Front Desk,Phone Calls,18
2024-08-06,Front Desk,Guest Inquiries,29
2024-08-06,Front Desk,Complaints,21
2024-08-06,Housekeeping,Room Cleaning,15
2024-08-06,Housekeeping,Linen Change,19
2024-08-06,Housekeeping,Supply Restock,7
2024-08-06,Housekeeping,Maintenance Report,10
2024-08-06,Food & Beverage,Room Service Orders,14
2024-08-06,Food & Beverage,Buffet Service,19
2024-08-06,Food & Beverage,Table Service,12
2024-08-06,Food & Beverage,Inventory Check,20
2024-08-06,Maintenance,Fix Requests,3
2024-08-06,Maintenance,Safety Checks,5
2024-08-06,Maintenance,Equipment Maintenance,10
2024-08-06,Management,Staff Meetings,14
2024-08-06,Management,Report Preparation,15
2024-08-06,Management,Customer Feedback Review,4
2024-08-07,Front Desk,Check-ins,14
2024-08-07,Front Desk,Check-outs,10
2024-08-07,Front Desk,Phone Calls,21
2024-08-07,Front Desk,Guest Inquiries,19
2024-08-07,Front Desk,Complaints,14
2024-08-07,Housekeeping,Room Cleaning,17
2024-08-07,Housekeeping,Linen Change,11
2024-08-07,Housekeeping,Supply Restock,7
2024-08-07,Housekeeping,Maintenance Report,13
2024-08-07,Food & Beverage,Room Service Orders,12
2024-08-07,Food & Beverage,Buffet Service,16
2024-08-07,Food & Beverage,Table Service,10
2024-08-07,Food & Beverage,Inventory Check,8
2024-08-07,Maintenance,Fix Requests,19
2024-08-07,Maintenance,Safety Checks,11
2024-08-07,Maintenance,Equipment Maintenance,5
2024-08-07,Management,Staff Meetings,14
2024-08-07,Management,Report Preparation,14
2024-08-07,Management,Customer Feedback Review,6
2024-08-08,Front Desk,Check-ins,6
2024-08-08,Front Desk,Check-outs,17
2024-08-08,Front Desk,Phone Calls,3
2024-08-08,Front Desk,Guest Inquiries,6
2024-08-08,Front Desk,Complaints,11
2024-08-08,Housekeeping,Room Cleaning,3
2024-08-08,Housekeeping,Linen Change,3
2024-08-08,Housekeeping,Supply Restock,7
2024-08-08,Housekeeping,Maintenance Report,7
2024-08-08,Food & Beverage,Room Service Orders,13
2024-08-08,Food & Beverage,Buffet Service,2
2024-08-08,Food & Beverage,Table Service,14
2024-08-08,Food & Beverage,Inventory Check,7
2024-08-08,Maintenance,Fix Requests,20
2024-08-08,Maintenance,Safety Checks,20
2024-08-08,Maintenance,Equipment Maintenance,2
2024-08-08,Management,Staff Meetings,21
2024-08-08,Management,Report Preparation,10
2024-08-08,Management,Customer Feedback Review,12
2024-08-09,Front Desk,Check-ins,27
2024-08-09,Front Desk,Check-outs,11
2024-08-09,Front Desk,Phone Calls,6
2024-08-09,Front Desk,Guest Inquiries,20
2024-08-09,Front Desk,Complaints,17
2024-08-09,Housekeeping,Room Cleaning,19
2024-08-09,Housekeeping,Linen Change,9
2024-08-09,Housekeeping,Supply Restock,17
2024-08-09,Housekeeping,Maintenance Report,18
2024-08-09,Food & Beverage,Room Service Orders,11
2024-08-09,Food & Beverage,Buffet Service,9
2024-08-09,Food & Beverage,Table Service,10
2024-08-09,Food & Beverage,Inventory Check,12
2024-08-09,Maintenance,Fix Requests,18
2024-08-09,Maintenance,Safety Checks,14
2024-08-09,Maintenance,Equipment Maintenance,14
2024-08-09,Management,Staff Meetings,21
2024-08-09,Management,Report Preparation,19
2024-08-09,Management,Customer Feedback Review,20
2024-08-10,Front Desk,Check-ins,15
2024-08-10,Front Desk,Check-outs,14
2024-08-10,Front Desk,Phone Calls,18
2024-08-10,Front Desk,Guest Inquiries,15
2024-08-10,Front Desk,Complaints,6
2024-08-10,Housekeeping,Room Cleaning,8
2024-08-10,Housekeeping,Linen Change,13
2024-08-10,Housekeeping,Supply Restock,3
2024-08-10,Housekeeping,Maintenance Report,6
2024-08-10,Food & Beverage,Room Service Orders,11
2024-08-10,Food & Beverage,Buffet Service,11
2024-08-10,Food & Beverage,Table Service,8
2024-08-10,Food & Beverage,Inventory Check,13
2024-08-10,Maintenance,Fix Requests,8
2024-08-10,Maintenance,Safety Checks,23
2024-08-10,Maintenance,Equipment Maintenance,4
2024-08-10,Management,Staff Meetings,15
2024-08-10,Management,Report Preparation,21
2024-08-10,Management,Customer Feedback Review,18
2024-08-11,Front Desk,Check-ins,2
2024-08-11,Front Desk,Check-outs,16
2024-08-11,Front Desk,Phone Calls,5
2024-08-11,Front Desk,Guest Inquiries,2
2024-08-11,Front Desk,Complaints,17
2024-08-11,Housekeeping,Room Cleaning,5
2024-08-11,Housekeeping,Linen Change,4
2024-08-11,Housekeeping,Supply Restock,7
2024-08-11,Housekeeping,Maintenance Report,21
2024-08-11,Food & Beverage,Room Service Orders,14
2024-08-11,Food & Beverage,Buffet Service,9
2024-08-11,Food & Beverage,Table Service,10
2024-08-11,Food & Beverage,Inventory Check,2
2024-08-11,Maintenance,Fix Requests,13
2024-08-11,Maintenance,Safety Checks,8
2024-08-11,Maintenance,Equipment Maintenance,0
2024-08-11,Management,Staff Meetings,5
2024-08-11,Management,Report Preparation,9
2024-08-11,Management,Customer Feedback Review,23
2024-08-12,Front Desk,Check-ins,12
2024-08-12,Front Desk,Check-outs,11
2024-08-12,Front Desk,Phone Calls,6
2024-08-12,Front Desk,Guest Inquiries,9
2024-08-12,Front Desk,Complaints,13
2024-08-12,Housekeeping,Room Cleaning,14
2024-08-12,Housekeeping,Linen Change,22
2024-08-12,Housekeeping,Supply Restock,13
2024-08-12,Housekeeping,Maintenance Report,9
2024-08-12,Food & Beverage,Room Service Orders,16
2024-08-12,Food & Beverage,Buffet Service,3
2024-08-12,Food & Beverage,Table Service,17
2024-08-12,Food & Beverage,Inventory Check,19
2024-08-12,Maintenance,Fix Requests,7
2024-08-12,Maintenance,Safety Checks,18
2024-08-12,Maintenance,Equipment Maintenance,10
2024-08-12,Management,Staff Meetings,20
2024-08-12,Management,Report Preparation,7
2024-08-12,Management,Customer Feedback Review,19
2024-08-13,Front Desk,Check-ins,16
2024-08-13,Front Desk,Check-outs,0
2024-08-13,Front Desk,Phone Calls,12
2024-08-13,Front Desk,Guest Inquiries,17
2024-08-13,Front Desk,Complaints,3
2024-08-13,Housekeeping,Room Cleaning,13
2024-08-13,Housekeeping,Linen Change,3
2024-08-13,Housekeeping,Supply Restock,5
2024-08-13,Housekeeping,Maintenance Report,19
2024-08-13,Food & Beverage,Room Service Orders,9
2024-08-13,Food & Beverage,Buffet Service,4
2024-08-13,Food & Beverage,Table Service,19
2024-08-13,Food & Beverage,Inventory Check,6
2024-08-13,Maintenance,Fix Requests,3
2024-08-13,Maintenance,Safety Checks,7
2024-08-13,Maintenance,Equipment Maintenance,12
2024-08-13,Management,Staff Meetings,6
2024-08-13,Management,Report Preparation,16
2024-08-13,Management,Customer Feedback Review,19
2024-08-14,Front Desk,Check-ins,10
2024-08-14,Front Desk,Check-outs,10
2024-08-14,Front Desk,Phone Calls,15
2024-08-14,Front Desk,Guest Inquiries,14
2024-08-14,Front Desk,Complaints,6
2024-08-14,Housekeeping,Room Cleaning,11
2024-08-14,Housekeeping,Linen Change,17
2024-08-14,Housekeeping,Supply Restock,9
2024-08-14,Housekeeping,Maintenance Report,10
2024-08-14,Food & Beverage,Room Service Orders,10
2024-08-14,Food & Beverage,Buffet Service,14
2024-08-14,Food & Beverage,Table Service,10
2024-08-14,Food & Beverage,Inventory Check,2
2024-08-14,Maintenance,Fix Requests,7
2024-08-14,Maintenance,Safety Checks,7
2024-08-14,Maintenance,Equipment Maintenance,11
2024-08-14,Management,Staff Meetings,6
2024-08-14,Management,Report Preparation,7
2024-08-14,Management,Customer Feedback Review,6
2024-08-15,Front Desk,Check-ins,14
2024-08-15,Front Desk,Check-outs,13
2024-08-15,Front Desk,Phone Calls,9
2024-08-15,Front Desk,Guest Inquiries,13
2024-08-15,Front Desk,Complaints,6
2024-08-15,Housekeeping,Room Cleaning,7
2024-08-15,Housekeeping,Linen Change,5
2024-08-15,Housekeeping,Supply Restock,7
2024-08-15,Housekeeping,Maintenance Report,3
2024-08-15,Food & Beverage,Room Service Orders,3
2024-08-15,Food & Beverage,Buffet Service,12
2024-08-15,Food & Beverage,Table Service,9
2024-08-15,Food & Beverage,Inventory Check,2
2024-08-15,Maintenance,Fix Requests,7
2024-08-15,Maintenance,Safety Checks,12
2024-08-15,Maintenance,Equipment Maintenance,6
2024-08-15,Management,Staff Meetings,16
2024-08-15,Management,Report Preparation,10
2024-08-15,Management,Customer Feedback Review,16
2024-08-16,Front Desk,Check-ins,7
2024-08-16,Front Desk,Check-outs,24
2024-08-16,Front Desk,Phone Calls,15
2024-08-16,Front Desk,Guest Inquiries,6
2024-08-16,Front Desk,Complaints,12
2024-08-16,Housekeeping,Room Cleaning,8
2024-08-16,Housekeeping,Linen Change,5
2024-08-16,Housekeeping,Supply Restock,14
2024-08-16,Housekeeping,Maintenance Report,5
2024-08-16,Food & Beverage,Room Service Orders,17
2024-08-16,Food & Beverage,Buffet Service,26
2024-08-16,Food & Beverage,Table Service,14
2024-08-16,Food & Beverage,Inventory Check,5
2024-08-16,Maintenance,Fix Requests,16
2024-08-16,Maintenance,Safety Checks,11
2024-08-16,Maintenance,Equipment Maintenance,8
2024-08-16,Management,Staff Meetings,10
2024-08-16,Management,Report Preparation,7
2024-08-16,Management,Customer Feedback Review,24
2024-08-17,Front Desk,Check-ins,15
2024-08-17,Front Desk,Check-outs,11
2024-08-17,Front Desk,Phone Calls,8
2024-08-17,Front Desk,Guest Inquiries,7
2024-08-17,Front Desk,Complaints,12
2024-08-17,Housekeeping,Room Cleaning,4
2024-08-17,Housekeeping,Linen Change,1
2024-08-17,Housekeeping,Supply Restock,3
2024-08-17,Housekeeping,Maintenance Report,10
2024-08-17,Food & Beverage,Room Service Orders,14
2024-08-17,Food & Beverage,Buffet Service,12
2024-08-17,Food & Beverage,Table Service,14
2024-08-17,Food & Beverage,Inventory Check,3
2024-08-17,Maintenance,Fix Requests,1
2024-08-17,Maintenance,Safety Checks,14
2024-08-17,Maintenance,Equipment Maintenance,6
2024-08-17,Management,Staff Meetings,5
2024-08-17,Management,Report Preparation,15
2024-08-17,Management,Customer Feedback Review,8
2024-08-18,Front Desk,Check-ins,22
2024-08-18,Front Desk,Check-outs,5
2024-08-18,Front Desk,Phone Calls,3
2024-08-18,Front Desk,Guest Inquiries,10
2024-08-18,Front Desk,Complaints,11
2024-08-18,Housekeeping,Room Cleaning,14
2024-08-18,Housekeeping,Linen Change,6
2024-08-18,Housekeeping,Supply Restock,14
2024-08-18,Housekeeping,Maintenance Report,18
2024-08-18,Food & Beverage,Room Service Orders,0
2024-08-18,Food & Beverage,Buffet Service,5
2024-08-18,Food & Beverage,Table Service,12
2024-08-18,Food & Beverage,Inventory Check,11
2024-08-18,Maintenance,Fix Requests,9
2024-08-18,Maintenance,Safety Checks,5
2024-08-18,Maintenance,Equipment Maintenance,20
2024-08-18,Management,Staff Meetings,7
2024-08-18,Management,Report Preparation,26
2024-08-18,Management,Customer Feedback Review,11
2024-08-19,Front Desk,Check-ins,10
2024-08-19,Front Desk,Check-outs,15
2024-08-19,Front Desk,Phone Calls,7
2024-08-19,Front Desk,Guest Inquiries,3
2024-08-19,Front Desk,Complaints,24
2024-08-19,Housekeeping,Room Cleaning,2
2024-08-19,Housekeeping,Linen Change,14
2024-08-19,Housekeeping,Supply Restock,17
2024-08-19,Housekeeping,Maintenance Report,6
2024-08-19,Food & Beverage,Room Service Orders,4
2024-08-19,Food & Beverage,Buffet Service,5
2024-08-19,Food & Beverage,Table Service,10
2024-08-19,Food & Beverage,Inventory Check,5
2024-08-19,Maintenance,Fix Requests,8
2024-08-19,Maintenance,Safety Checks,9
2024-08-19,Maintenance,Equipment Maintenance,11
2024-08-19,Management,Staff Meetings,2
2024-08-19,Management,Report Preparation,6
2024-08-19,Management,Customer Feedback Review,6
2024-08-20,Front Desk,Check-ins,12
2024-08-20,Front Desk,Check-outs,3
2024-08-20,Front Desk,Phone Calls,5
2024-08-20,Front Desk,Guest Inquiries,11
2024-08-20,Front Desk,Complaints,16
2024-08-20,Housekeeping,Room Cleaning,13
2024-08-20,Housekeeping,Linen Change,13
2024-08-20,Housekeeping,Supply Restock,6
2024-08-20,Housekeeping,Maintenance Report,6
2024-08-20,Food & Beverage,Room Service Orders,4
2024-08-20,Food & Beverage,Buffet Service,5
2024-08-20,Food & Beverage,Table Service,7
2024-08-20,Food & Beverage,Inventory Check,8
2024-08-20,Maintenance,Fix Requests,3
2024-08-20,Maintenance,Safety Checks,14
2024-08-20,Maintenance,Equipment Maintenance,11
2024-08-20,Management,Staff Meetings,13
2024-08-20,Management,Report Preparation,19
2024-08-20,Management,Customer Feedback Review,10
2024-08-21,Front Desk,Check-ins,3
2024-08-21,Front Desk,Check-outs,2
2024-08-21,Front Desk,Phone Calls,10
2024-08-21,Front Desk,Guest Inquiries,5
2024-08-21,Front Desk,Complaints,14
2024-08-21,Housekeeping,Room Cleaning,10
2024-08-21,Housekeeping,Linen Change,10
2024-08-21,Housekeeping,Supply Restock,19
2024-08-21,Housekeeping,Maintenance Report,16
2024-08-21,Food & Beverage,Room Service Orders,12
2024-08-21,Food & Beverage,Buffet Service,3
2024-08-21,Food & Beverage,Table Service,7
2024-08-21,Food & Beverage,Inventory Check,15
2024-08-21,Maintenance,Fix Requests,24
2024-08-21,Maintenance,Safety Checks,11
2024-08-21,Maintenance,Equipment Maintenance,4
2024-08-21,Management,Staff Meetings,10
2024-08-21,Management,Report Preparation,20
2024-08-21,Management,Customer Feedback Review,13
2024-08-22,Front Desk,Check-ins,17
2024-08-22,Front Desk,Check-outs,5
2024-08-22,Front Desk,Phone Calls,12
2024-08-22,Front Desk,Guest Inquiries,13
2024-08-22,Front Desk,Complaints,7
2024-08-22,Housekeeping,Room Cleaning,20
2024-08-22,Housekeeping,Linen Change,9
2024-08-22,Housekeeping,Supply Restock,22
2024-08-22,Housekeeping,Maintenance Report,20
2024-08-22,Food & Beverage,Room Service Orders,13
2024-08-22,Food & Beverage,Buffet Service,11
2024-08-22,Food & Beverage,Table Service,6
2024-08-22,Food & Beverage,Inventory Check,4
2024-08-22,Maintenance,Fix Requests,6
2024-08-22,Maintenance,Safety Checks,9
2024-08-22,Maintenance,Equipment Maintenance,12
2024-08-22,Management,Staff Meetings,13
2024-08-22,Management,Report Preparation,11
2024-08-22,Management,Customer Feedback Review,18
2024-08-23,Front Desk,Check-ins,3
2024-08-23,Front Desk,Check-outs,5
2024-08-23,Front Desk,Phone Calls,7
2024-08-23,Front Desk,Guest Inquiries,7
2024-08-23,Front Desk,Complaints,16
2024-08-23,Housekeeping,Room Cleaning,13
2024-08-23,Housekeeping,Linen Change,15
2024-08-23,Housekeeping,Supply Restock,1
2024-08-23,Housekeeping,Maintenance Report,20
2024-08-23,Food & Beverage,Room Service Orders,16
2024-08-23,Food & Beverage,Buffet Service,1
2024-08-23,Food & Beverage,Table Service,10
2024-08-23,Food & Beverage,Inventory Check,16
2024-08-23,Maintenance,Fix Requests,14
2024-08-23,Maintenance,Safety Checks,12
2024-08-23,Maintenance,Equipment Maintenance,5
2024-08-23,Management,Staff Meetings,4
2024-08-23,Management,Report Preparation,1
2024-08-23,Management,Customer Feedback Review,11
2024-08-24,Front Desk,Check-ins,19
2024-08-24,Front Desk,Check-outs,14
2024-08-24,Front Desk,Phone Calls,2
2024-08-24,Front Desk,Guest Inquiries,17
2024-08-24,Front Desk,Complaints,16
2024-08-24,Housekeeping,Room Cleaning,12
2024-08-24,Housekeeping,Linen Change,2
2024-08-24,Housekeeping,Supply Restock,4
2024-08-24,Housekeeping,Maintenance Report,5
2024-08-24,Food & Beverage,Room Service Orders,11
2024-08-24,Food & Beverage,Buffet Service,12
2024-08-24,Food & Beverage,Table Service,4
2024-08-24,Food & Beverage,Inventory Check,17
2024-08-24,Maintenance,Fix Requests,9
2024-08-24,Maintenance,Safety Checks,8
2024-08-24,Maintenance,Equipment Maintenance,16
2024-08-24,Management,Staff Meetings,6
2024-08-24,Management,Report Preparation,19
2024-08-24,Management,Customer Feedback Review,11
2024-08-25,Front Desk,Check-ins,12
2024-08-25,Front Desk,Check-outs,9
2024-08-25,Front Desk,Phone Calls,7
2024-08-25,Front Desk,Guest Inquiries,1
2024-08-25,Front Desk,Complaints,3
2024-08-25,Housekeeping,Room Cleaning,15
2024-08-25,Housekeeping,Linen Change,14
2024-08-25,Housekeeping,Supply Restock,5
2024-08-25,Housekeeping,Maintenance Report,3
2024-08-25,Food & Beverage,Room Service Orders,19
2024-08-25,Food & Beverage,Buffet Service,12
2024-08-25,Food & Beverage,Table Service,5
2024-08-25,Food & Beverage,Inventory Check,18
2024-08-25,Maintenance,Fix Requests,9
2024-08-25,Maintenance,Safety Checks,1
2024-08-25,Maintenance,Equipment Maintenance,10
2024-08-25,Management,Staff Meetings,22
2024-08-25,Management,Report Preparation,8
2024-08-25,Management,Customer Feedback Review,16
2024-08-26,Front Desk,Check-ins,12
2024-08-26,Front Desk,Check-outs,12
2024-08-26,Front Desk,Phone Calls,11
2024-08-26,Front Desk,Guest Inquiries,6
2024-08-26,Front Desk,Complaints,20
2024-08-26,Housekeeping,Room Cleaning,10
2024-08-26,Housekeeping,Linen Change,29
2024-08-26,Housekeeping,Supply Restock,23
2024-08-26,Housekeeping,Maintenance Report,22
2024-08-26,Food & Beverage,Room Service Orders,8
2024-08-26,Food & Beverage,Buffet Service,4
2024-08-26,Food & Beverage,Table Service,13
2024-08-26,Food & Beverage,Inventory Check,9
2024-08-26,Maintenance,Fix Requests,13
2024-08-26,Maintenance,Safety Checks,6
2024-08-26,Maintenance,Equipment Maintenance,14
2024-08-26,Management,Staff Meetings,9
2024-08-26,Management,Report Preparation,21
2024-08-26,Management,Customer Feedback Review,23
2024-08-27,Front Desk,Check-ins,13
2024-08-27,Front Desk,Check-outs,5
2024-08-27,Front Desk,Phone Calls,20
2024-08-27,Front Desk,Guest Inquiries,4
2024-08-27,Front Desk,Complaints,14
2024-08-27,Housekeeping,Room Cleaning,5
2024-08-27,Housekeeping,Linen Change,2
2024-08-27,Housekeeping,Supply Restock,19
2024-08-27,Housekeeping,Maintenance Report,7
2024-08-27,Food & Beverage,Room Service Orders,20
2024-08-27,Food & Beverage,Buffet Service,3
2024-08-27,Food & Beverage,Table Service,9
2024-08-27,Food & Beverage,Inventory Check,14
2024-08-27,Maintenance,Fix Requests,24
2024-08-27,Maintenance,Safety Checks,1
2024-08-27,Maintenance,Equipment Maintenance,14
2024-08-27,Management,Staff Meetings,6
2024-08-27,Management,Report Preparation,12
2024-08-27,Management,Customer Feedback Review,12
2024-08-28,Front Desk,Check-ins,5
2024-08-28,Front Desk,Check-outs,13
2024-08-28,Front Desk,Phone Calls,15
2024-08-28,Front Desk,Guest Inquiries,11
2024-08-28,Front Desk,Complaints,15
2024-08-28,Housekeeping,Room Cleaning,16
2024-08-28,Housekeeping,Linen Change,17
2024-08-28,Housekeeping,Supply Restock,6
2024-08-28,Housekeeping,Maintenance Report,14
2024-08-28,Food & Beverage,Room Service Orders,17
2024-08-28,Food & Beverage,Buffet Service,4
2024-08-28,Food & Beverage,Table Service,11
2024-08-28,Food & Beverage,Inventory Check,8
2024-08-28,Maintenance,Fix Requests,5
2024-08-28,Maintenance,Safety Checks,5
2024-08-28,Maintenance,Equipment Maintenance,19
2024-08-28,Management,Staff Meetings,18
2024-08-28,Management,Report Preparation,14
2024-08-28,Management,Customer Feedback Review,6
2024-08-29,Front Desk,Check-ins,6
2024-08-29,Front Desk,Check-outs,5
2024-08-29,Front Desk,Phone Calls,6
2024-08-29,Front Desk,Guest Inquiries,6
2024-08-29,Front Desk,Complaints,7
2024-08-29,Housekeeping,Room Cleaning,18
2024-08-29,Housekeeping,Linen Change,7
2024-08-29,Housekeeping,Supply Restock,3
2024-08-29,Housekeeping,Maintenance Report,9
2024-08-29,Food & Beverage,Room Service Orders,22
2024-08-29,Food & Beverage,Buffet Service,5
2024-08-29,Food & Beverage,Table Service,3
2024-08-29,Food & Beverage,Inventory Check,12
2024-08-29,Maintenance,Fix Requests,5
2024-08-29,Maintenance,Safety Checks,15
2024-08-29,Maintenance,Equipment Maintenance,11
2024-08-29,Management,Staff Meetings,11
2024-08-29,Management,Report Preparation,3
2024-08-29,Management,Customer Feedback Review,12
2024-08-30,Front Desk,Check-ins,9
2024-08-30,Front Desk,Check-outs,10
2024-08-30,Front Desk,Phone Calls,19
2024-08-30,Front Desk,Guest Inquiries,11
2024-08-30,Front Desk,Complaints,11
2024-08-30,Housekeeping,Room Cleaning,13
2024-08-30,Housekeeping,Linen Change,5
2024-08-30,Housekeeping,Supply Restock,21
2024-08-30,Housekeeping,Maintenance Report,16
2024-08-30,Food & Beverage,Room Service Orders,12
2024-08-30,Food & Beverage,Buffet Service,14
2024-08-30,Food & Beverage,Table Service,14
2024-08-30,Food & Beverage,Inventory Check,9
2024-08-30,Maintenance,Fix Requests,10
2024-08-30,Maintenance,Safety Checks,23
2024-08-30,Maintenance,Equipment Maintenance,25
2024-08-30,Management,Staff Meetings,1
2024-08-30,Management,Report Preparation,8
2024-08-30,Management,Customer Feedback Review,3
2024-08-31,Front Desk,Check-ins,5
2024-08-31,Front Desk,Check-outs,22
2024-08-31,Front Desk,Phone Calls,2
2024-08-31,Front Desk,Guest Inquiries,19
2024-08-31,Front Desk,Complaints,13
2024-08-31,Housekeeping,Room Cleaning,6
2024-08-31,Housekeeping,Linen Change,25
2024-08-31,Housekeeping,Supply Restock,29
2024-08-31,Housekeeping,Maintenance Report,20
2024-08-31,Food & Beverage,Room Service Orders,23
2024-08-31,Food & Beverage,Buffet Service,12
2024-08-31,Food & Beverage,Table Service,18
2024-08-31,Food & Beverage,Inventory Check,28
2024-08-31,Maintenance,Fix Requests,18
2024-08-31,Maintenance,Safety Checks,11
2024-08-31,Maintenance,Equipment Maintenance,19
2024-08-31,Management,Staff Meetings,6
2024-08-31,Management,Report Preparation,9
2024-08-31,Management,Customer Feedback Review,8
2024-09-01,Front Desk,Check-ins,14
2024-09-01,Front Desk,Check-outs,22
2024-09-01,Front Desk,Phone Calls,15
2024-09-01,Front Desk,Guest Inquiries,3
2024-09-01,Front Desk,Complaints,3
2024-09-01,Housekeeping,Room Cleaning,8
2024-09-01,Housekeeping,Linen Change,1
2024-09-01,Housekeeping,Supply Restock,18
2024-09-01,Housekeeping,Maintenance Report,0
2024-09-01,Food & Beverage,Room Service Orders,10
2024-09-01,Food & Beverage,Buffet Service,4
2024-09-01,Food & Beverage,Table Service,18
2024-09-01,Food & Beverage,Inventory Check,2
2024-09-01,Maintenance,Fix Requests,10
2024-09-01,Maintenance,Safety Checks,4
2024-09-01,Maintenance,Equipment Maintenance,17
2024-09-01,Management,Staff Meetings,26
2024-09-01,Management,Report Preparation,10
2024-09-01,Management,Customer Feedback Review,11
2024-09-02,Front Desk,Check-ins,13
2024-09-02,Front Desk,Check-outs,9
2024-09-02,Front Desk,Phone Calls,16
2024-09-02,Front Desk,Guest Inquiries,20
2024-09-02,Front Desk,Complaints,16
2024-09-02,Housekeeping,Room Cleaning,7
2024-09-02,Housekeeping,Linen Change,14
2024-09-02,Housekeeping,Supply Restock,12
2024-09-02,Housekeeping,Maintenance Report,17
2024-09-02,Food & Beverage,Room Service Orders,3
2024-09-02,Food & Beverage,Buffet Service,19
2024-09-02,Food & Beverage,Table Service,10
2024-09-02,Food & Beverage,Inventory Check,16
2024-09-02,Maintenance,Fix Requests,16
2024-09-02,Maintenance,Safety Checks,14
2024-09-02,Maintenance,Equipment Maintenance,24
2024-09-02,Management,Staff Meetings,13
2024-09-02,Management,Report Preparation,2
2024-09-02,Management,Customer Feedback Review,10
2024-09-03,Front Desk,Check-ins,4
2024-09-03,Front Desk,Check-outs,4
2024-09-03,Front Desk,Phone Calls,12
2024-09-03,Front Desk,Guest Inquiries,10
2024-09-03,Front Desk,Complaints,8
2024-09-03,Housekeeping,Room Cleaning,7
2024-09-03,Housekeeping,Linen Change,15
2024-09-03,Housekeeping,Supply Restock,10
2024-09-03,Housekeeping,Maintenance Report,17
2024-09-03,Food & Beverage,Room Service Orders,8
2024-09-03,Food & Beverage,Buffet Service,12
2024-09-03,Food & Beverage,Table Service,28
2024-09-03,Food & Beverage,Inventory Check,9
2024-09-03,Maintenance,Fix Requests,14
2024-09-03,Maintenance,Safety Checks,12
2024-09-03,Maintenance,Equipment Maintenance,10
2024-09-03,Management,Staff Meetings,11
2024-09-03,Management,Report Preparation,20
2024-09-03,Management,Customer Feedback Review,16
2024-09-04,Front Desk,Check-ins,3
2024-09-04,Front Desk,Check-outs,2
2024-09-04,Front Desk,Phone Calls,1
2024-09-04,Front Desk,Guest Inquiries,21
2024-09-04,Front Desk,Complaints,10
2024-09-04,Housekeeping,Room Cleaning,5
2024-09-04,Housekeeping,Linen Change,7
2024-09-04,Housekeeping,Supply Restock,11
2024-09-04,Housekeeping,Maintenance Report,7
2024-09-04,Food & Beverage,Room Service Orders,13
2024-09-04,Food & Beverage,Buffet Service,12
2024-09-04,Food & Beverage,Table Service,6
2024-09-04,Food & Beverage,Inventory Check,10
2024-09-04,Maintenance,Fix Requests,17
2024-09-04,Maintenance,Safety Checks,16
2024-09-04,Maintenance,Equipment Maintenance,18
2024-09-04,Management,Staff Meetings,13
2024-09-04,Management,Report Preparation,16
2024-09-04,Management,Customer Feedback Review,21
2024-09-05,Front Desk,Check-ins,6
2024-09-05,Front Desk,Check-outs,24
2024-09-05,Front Desk,Phone Calls,6
2024-09-05,Front Desk,Guest Inquiries,6
2024-09-05,Front Desk,Complaints,6
2024-09-05,Housekeeping,Room Cleaning,6
2024-09-05,Housekeeping,Linen Change,17
2024-09-05,Housekeeping,Supply Restock,7
2024-09-05,Housekeeping,Maintenance Report,12
2024-09-05,Food & Beverage,Room Service Orders,14
2024-09-05,Food & Beverage,Buffet Service,2
2024-09-05,Food & Beverage,Table Service,9
2024-09-05,Food & Beverage,Inventory Check,19
2024-09-05,Maintenance,Fix Requests,17
2024-09-05,Maintenance,Safety Checks,16
2024-09-05,Maintenance,Equipment Maintenance,4
2024-09-05,Management,Staff Meetings,4
2024-09-05,Management,Report Preparation,9
2024-09-05,Management,Customer Feedback Review,19
2024-09-06,Front Desk,Check-ins,4
2024-09-06,Front Desk,Check-outs,6
2024-09-06,Front Desk,Phone Calls,16
2024-09-06,Front Desk,Guest Inquiries,13
2024-09-06,Front Desk,Complaints,3
2024-09-06,Housekeeping,Room Cleaning,22
2024-09-06,Housekeeping,Linen Change,19
2024-09-06,Housekeeping,Supply Restock,10
2024-09-06,Housekeeping,Maintenance Report,19
2024-09-06,Food & Beverage,Room Service Orders,2
2024-09-06,Food & Beverage,Buffet Service,16
2024-09-06,Food & Beverage,Table Service,19
2024-09-06,Food & Beverage,Inventory Check,13
2024-09-06,Maintenance,Fix Requests,4
2024-09-06,Maintenance,Safety Checks,16
2024-09-06,Maintenance,Equipment Maintenance,12
2024-09-06,Management,Staff Meetings,9
2024-09-06,Management,Report Preparation,14
2024-09-06,Management,Customer Feedback Review,7
2024-09-07,Front Desk,Check-ins,15
2024-09-07,Front Desk,Check-outs,4
2024-09-07,Front Desk,Phone Calls,9
2024-09-07,Front Desk,Guest Inquiries,11
2024-09-07,Front Desk,Complaints,16
2024-09-07,Housekeeping,Room Cleaning,1
2024-09-07,Housekeeping,Linen Change,4
2024-09-07,Housekeeping,Supply Restock,2
2024-09-07,Housekeeping,Maintenance Report,12
2024-09-07,Food & Beverage,Room Service Orders,2
2024-09-07,Food & Beverage,Buffet Service,2
2024-09-07,Food & Beverage,Table Service,5
2024-09-07,Food & Beverage,Inventory Check,10
2024-09-07,Maintenance,Fix Requests,10
2024-09-07,Maintenance,Safety Checks,18
2024-09-07,Maintenance,Equipment Maintenance,4
2024-09-07,Management,Staff Meetings,8
2024-09-07,Management,Report Preparation,13
2024-09-07,Management,Customer Feedback Review,20
2024-09-08,Front Desk,Check-ins,16
2024-09-08,Front Desk,Check-outs,6
2024-09-08,Front Desk,Phone Calls,9
2024-09-08,Front Desk,Guest Inquiries,7
2024-09-08,Front Desk,Complaints,22
2024-09-08,Housekeeping,Room Cleaning,16
2024-09-08,Housekeeping,Linen Change,6
2024-09-08,Housekeeping,Supply Restock,9
2024-09-08,Housekeeping,Maintenance Report,19
2024-09-08,Food & Beverage,Room Service Orders,8
2024-09-08,Food & Beverage,Buffet Service,23
2024-09-08,Food & Beverage,Table Service,9
2024-09-08,Food & Beverage,Inventory Check,2
2024-09-08,Maintenance,Fix Requests,2
2024-09-08,Maintenance,Safety Checks,14
2024-09-08,Maintenance,Equipment Maintenance,11
2024-09-08,Management,Staff Meetings,13
2024-09-08,Management,Report Preparation,6
2024-09-08,Management,Customer Feedback Review,18
2024-09-09,Front Desk,Check-ins,10
2024-09-09,Front Desk,Check-outs,12
2024-09-09,Front Desk,Phone Calls,12
2024-09-09,Front Desk,Guest Inquiries,16
2024-09-09,Front Desk,Complaints,6
2024-09-09,Housekeeping,Room Cleaning,7
2024-09-09,Housekeeping,Linen Change,18
2024-09-09,Housekeeping,Supply Restock,11
2024-09-09,Housekeeping,Maintenance Report,19
2024-09-09,Food & Beverage,Room Service Orders,18
2024-09-09,Food & Beverage,Buffet Service,26
2024-09-09,Food & Beverage,Table Service,10
2024-09-09,Food & Beverage,Inventory Check,9
2024-09-09,Maintenance,Fix Requests,6
2024-09-09,Maintenance,Safety Checks,16
2024-09-09,Maintenance,Equipment Maintenance,7
2024-09-09,Management,Staff Meetings,6
2024-09-09,Management,Report Preparation,4
2024-09-09,Management,Customer Feedback Review,17
2024-09-10,Front Desk,Check-ins,9
2024-09-10,Front Desk,Check-outs,8
2024-09-10,Front Desk,Phone Calls,3
2024-09-10,Front Desk,Guest Inquiries,6
2024-09-10,Front Desk,Complaints,10
2024-09-10,Housekeeping,Room Cleaning,14
2024-09-10,Housekeeping,Linen Change,8
2024-09-10,Housekeeping,Supply Restock,2
2024-09-10,Housekeeping,Maintenance Report,2
2024-09-10,Food & Beverage,Room Service Orders,21
2024-09-10,Food & Beverage,Buffet Service,7
2024-09-10,Food & Beverage,Table Service,10
2024-09-10,Food & Beverage,Inventory Check,9
2024-09-10,Maintenance,Fix Requests,26
2024-09-10,Maintenance,Safety Checks,18
2024-09-10,Maintenance,Equipment Maintenance,6
2024-09-10,Management,Staff Meetings,22
2024-09-10,Management,Report Preparation,4
2024-09-10,Management,Customer Feedback Review,9
2024-09-11,Front Desk,Check-ins,2
2024-09-11,Front Desk,Check-outs,4
2024-09-11,Front Desk,Phone Calls,16
2024-09-11,Front Desk,Guest Inquiries,9
2024-09-11,Front Desk,Complaints,7
2024-09-11,Housekeeping,Room Cleaning,20
2024-09-11,Housekeeping,Linen Change,5
2024-09-11,Housekeeping,Supply Restock,5
2024-09-11,Housekeeping,Maintenance Report,4
2024-09-11,Food & Beverage,Room Service Orders,7
2024-09-11,Food & Beverage,Buffet Service,4
2024-09-11,Food & Beverage,Table Service,14
2024-09-11,Food & Beverage,Inventory Check,10
2024-09-11,Maintenance,Fix Requests,14
2024-09-11,Maintenance,Safety Checks,6
2024-09-11,Maintenance,Equipment Maintenance,16
2024-09-11,Management,Staff Meetings,14
2024-09-11,Management,Report Preparation,14
2024-09-11,Management,Customer Feedback Review,15
2024-09-12,Front Desk,Check-ins,17
2024-09-12,Front Desk,Check-outs,1
2024-09-12,Front Desk,Phone Calls,9
2024-09-12,Front Desk,Guest Inquiries,12
2024-09-12,Front Desk,Complaints,15
2024-09-12,Housekeeping,Room Cleaning,8
2024-09-12,Housekeeping,Linen Change,5
2024-09-12,Housekeeping,Supply Restock,5
2024-09-12,Housekeeping,Maintenance Report,8
2024-09-12,Food & Beverage,Room Service Orders,1
2024-09-12,Food & Beverage,Buffet Service,16
2024-09-12,Food & Beverage,Table Service,18
2024-09-12,Food & Beverage,Inventory Check,3
2024-09-12,Maintenance,Fix Requests,7
2024-09-12,Maintenance,Safety Checks,8
2024-09-12,Maintenance,Equipment Maintenance,13
2024-09-12,Management,Staff Meetings,5
2024-09-12,Management,Report Preparation,7
2024-09-12,Management,Customer Feedback Review,11
2024-09-13,Front Desk,Check-ins,22
2024-09-13,Front Desk,Check-outs,8
2024-09-13,Front Desk,Phone Calls,15
2024-09-13,Front Desk,Guest Inquiries,1
2024-09-13,Front Desk,Complaints,22
2024-09-13,Housekeeping,Room Cleaning,2
2024-09-13,Housekeeping,Linen Change,2
2024-09-13,Housekeeping,Supply Restock,10
2024-09-13,Housekeeping,Maintenance Report,8
2024-09-13,Food & Beverage,Room Service Orders,11
2024-09-13,Food & Beverage,Buffet Service,9
2024-09-13,Food & Beverage,Table Service,5
2024-09-13,Food & Beverage,Inventory Check,15
2024-09-13,Maintenance,Fix Requests,11
2024-09-13,Maintenance,Safety Checks,3
2024-09-13,Maintenance,Equipment Maintenance,7
2024-09-13,Management,Staff Meetings,7
2024-09-13,Management,Report Preparation,9
2024-09-13,Management,Customer Feedback Review,11
2024-09-14,Front Desk,Check-ins,5
2024-09-14,Front Desk,Check-outs,21
2024-09-14,Front Desk,Phone Calls,7
2024-09-14,Front Desk,Guest Inquiries,5
2024-09-14,Front Desk,Complaints,20
2024-09-14,Housekeeping,Room Cleaning,14
2024-09-14,Housekeeping,Linen Change,14
2024-09-14,Housekeeping,Supply Restock,10
2024-09-14,Housekeeping,Maintenance Report,3
2024-09-14,Food & Beverage,Room Service Orders,11
2024-09-14,Food & Beverage,Buffet Service,9
2024-09-14,Food & Beverage,Table Service,6
2024-09-14,Food & Beverage,Inventory Check,18
2024-09-14,Maintenance,Fix Requests,4
2024-09-14,Maintenance,Safety Checks,11
2024-09-14,Maintenance,Equipment Maintenance,14
2024-09-14,Management,Staff Meetings,11
2024-09-14,Management,Report Preparation,8
2024-09-14,Management,Customer Feedback Review,18
2024-09-15,Front Desk,Check-ins,11
2024-09-15,Front Desk,Check-outs,14
2024-09-15,Front Desk,Phone Calls,6
2024-09-15,Front Desk,Guest Inquiries,5
2024-09-15,Front Desk,Complaints,8
2024-09-15,Housekeeping,Room Cleaning,16
2024-09-15,Housekeeping,Linen Change,11
2024-09-15,Housekeeping,Supply Restock,4
2024-09-15,Housekeeping,Maintenance Report,9
2024-09-15,Food & Beverage,Room Service Orders,21
2024-09-15,Food & Beverage,Buffet Service,9
2024-09-15,Food & Beverage,Table Service,18
2024-09-15,Food & Beverage,Inventory Check,6
2024-09-15,Maintenance,Fix Requests,18
2024-09-15,Maintenance,Safety Checks,10
2024-09-15,Maintenance,Equipment Maintenance,22
2024-09-15,Management,Staff Meetings,9
2024-09-15,Management,Report Preparation,9
2024-09-15,Management,Customer Feedback Review,7
2024-09-16,Front Desk,Check-ins,4
2024-09-16,Front Desk,Check-outs,12
2024-09-16,Front Desk,Phone Calls,16
2024-09-16,Front Desk,Guest Inquiries,3
2024-09-16,Front Desk,Complaints,21
2024-09-16,Housekeeping,Room Cleaning,3
2024-09-16,Housekeeping,Linen Change,8
2024-09-16,Housekeeping,Supply Restock,12
2024-09-16,Housekeeping,Maintenance Report,4
2024-09-16,Food & Beverage,Room Service Orders,21
2024-09-16,Food & Beverage,Buffet Service,10
2024-09-16,Food & Beverage,Table Service,22
2024-09-16,Food & Beverage,Inventory Check,17
2024-09-16,Maintenance,Fix Requests,2
2024-09-16,Maintenance,Safety Checks,2
2024-09-16,Maintenance,Equipment Maintenance,6
2024-09-16,Management,Staff Meetings,4
2024-09-16,Management,Report Preparation,3
2024-09-16,Management,Customer Feedback Review,17
2024-09-17,Front Desk,Check-ins,6
2024-09-17,Front Desk,Check-outs,18
2024-09-17,Front Desk,Phone Calls,11
2024-09-17,Front Desk,Guest Inquiries,10
2024-09-17,Front Desk,Complaints,16
2024-09-17,Housekeeping,Room Cleaning,13
2024-09-17,Housekeeping,Linen Change,10
2024-09-17,Housekeeping,Supply Restock,23
2024-09-17,Housekeeping,Maintenance Report,12
2024-09-17,Food & Beverage,Room Service Orders,20
2024-09-17,Food & Beverage,Buffet Service,9
2024-09-17,Food & Beverage,Table Service,14
2024-09-17,Food & Beverage,Inventory Check,10
2024-09-17,Maintenance,Fix Requests,11
2024-09-17,Maintenance,Safety Checks,6
2024-09-17,Maintenance,Equipment Maintenance,16
2024-09-17,Management,Staff Meetings,14
2024-09-17,Management,Report Preparation,12
2024-09-17,Management,Customer Feedback Review,10
2024-09-18,Front Desk,Check-ins,2
2024-09-18,Front Desk,Check-outs,8
2024-09-18,Front Desk,Phone Calls,4
2024-09-18,Front Desk,Guest Inquiries,5
2024-09-18,Front Desk,Complaints,8
2024-09-18,Housekeeping,Room Cleaning,11
2024-09-18,Housekeeping,Linen Change,19
2024-09-18,Housekeeping,Supply Restock,4
2024-09-18,Housekeeping,Maintenance Report,20
2024-09-18,Food & Beverage,Room Service Orders,10
2024-09-18,Food & Beverage,Buffet Service,13
2024-09-18,Food & Beverage,Table Service,16
2024-09-18,Food & Beverage,Inventory Check,20
2024-09-18,Maintenance,Fix Requests,1
2024-09-18,Maintenance,Safety Checks,15
2024-09-18,Maintenance,Equipment Maintenance,7
2024-09-18,Management,Staff Meetings,3
2024-09-18,Management,Report Preparation,6
2024-09-18,Management,Customer Feedback Review,8
2024-09-19,Front Desk,Check-ins,13
2024-09-19,Front Desk,Check-outs,15
2024-09-19,Front Desk,Phone Calls,17
2024-09-19,Front Desk,Guest Inquiries,20
2024-09-19,Front Desk,Complaints,18
2024-09-19,Housekeeping,Room Cleaning,1
2024-09-19,Housekeeping,Linen Change,16
2024-09-19,Housekeeping,Supply Restock,2
2024-09-19,Housekeeping,Maintenance Report,17
2024-09-19,Food & Beverage,Room Service Orders,17
2024-09-19,Food & Beverage,Buffet Service,11
2024-09-19,Food & Beverage,Table Service,12
2024-09-19,Food & Beverage,Inventory Check,11
2024-09-19,Maintenance,Fix Requests,28
2024-09-19,Maintenance,Safety Checks,7
2024-09-19,Maintenance,Equipment Maintenance,16
2024-09-19,Management,Staff Meetings,16
2024-09-19,Management,Report Preparation,2
2024-09-19,Management,Customer Feedback Review,13
2024-09-20,Front Desk,Check-ins,8
2024-09-20,Front Desk,Check-outs,7
2024-09-20,Front Desk,Phone Calls,10
2024-09-20,Front Desk,Guest Inquiries,11
2024-09-20,Front Desk,Complaints,6
2024-09-20,Housekeeping,Room Cleaning,18
2024-09-20,Housekeeping,Linen Change,24
2024-09-20,Housekeeping,Supply Restock,10
2024-09-20,Housekeeping,Maintenance Report,6
2024-09-20,Food & Beverage,Room Service Orders,5
2024-09-20,Food & Beverage,Buffet Service,13
2024-09-20,Food & Beverage,Table Service,16
2024-09-20,Food & Beverage,Inventory Check,7
2024-09-20,Maintenance,Fix Requests,19
2024-09-20,Maintenance,Safety Checks,9
2024-09-20,Maintenance,Equipment Maintenance,7
2024-09-20,Management,Staff Meetings,15
2024-09-20,Management,Report Preparation,2
2024-09-20,Management,Customer Feedback Review,6
2024-09-21,Front Desk,Check-ins,17
2024-09-21,Front Desk,Check-outs,5
2024-09-21,Front Desk,Phone Calls,6
2024-09-21,Front Desk,Guest Inquiries,6
2024-09-21,Front Desk,Complaints,14
2024-09-21,Housekeeping,Room Cleaning,29
2024-09-21,Housekeeping,Linen Change,16
2024-09-21,Housekeeping,Supply Restock,5
2024-09-21,Housekeeping,Maintenance Report,14
2024-09-21,Food & Beverage,Room Service Orders,14
2024-09-21,Food & Beverage,Buffet Service,1
2024-09-21,Food & Beverage,Table Service,9
2024-09-21,Food & Beverage,Inventory Check,20
2024-09-21,Maintenance,Fix Requests,5
2024-09-21,Maintenance,Safety Checks,15
2024-09-21,Maintenance,Equipment Maintenance,8
2024-09-21,Management,Staff Meetings,29
2024-09-21,Management,Report Preparation,3
2024-09-21,Management,Customer Feedback Review,6
2024-09-22,Front Desk,Check-ins,11
2024-09-22,Front Desk,Check-outs,15
2024-09-22,Front Desk,Phone Calls,9
2024-09-22,Front Desk,Guest Inquiries,13
2024-09-22,Front Desk,Complaints,13
2024-09-22,Housekeeping,Room Cleaning,14
2024-09-22,Housekeeping,Linen Change,16
2024-09-22,Housekeeping,Supply Restock,9
2024-09-22,Housekeeping,Maintenance Report,10
2024-09-22,Food & Beverage,Room Service Orders,4
2024-09-22,Food & Beverage,Buffet Service,8
2024-09-22,Food & Beverage,Table Service,12
2024-09-22,Food & Beverage,Inventory Check,16
2024-09-22,Maintenance,Fix Requests,19
2024-09-22,Maintenance,Safety Checks,15
2024-09-22,Maintenance,Equipment Maintenance,3
2024-09-22,Management,Staff Meetings,4
2024-09-22,Management,Report Preparation,19
2024-09-22,Management,Customer Feedback Review,23
2024-09-23,Front Desk,Check-ins,13
2024-09-23,Front Desk,Check-outs,16
2024-09-23,Front Desk,Phone Calls,20
2024-09-23,Front Desk,Guest Inquiries,2
2024-09-23,Front Desk,Complaints,4
2024-09-23,Housekeeping,Room Cleaning,18
2024-09-23,Housekeeping,Linen Change,20
2024-09-23,Housekeeping,Supply Restock,16
2024-09-23,Housekeeping,Maintenance Report,3
2024-09-23,Food & Beverage,Room Service Orders,11
2024-09-23,Food & Beverage,Buffet Service,17
2024-09-23,Food & Beverage,Table Service,7
2024-09-23,Food & Beverage,Inventory Check,21
2024-09-23,Maintenance,Fix Requests,15
2024-09-23,Maintenance,Safety Checks,13
2024-09-23,Maintenance,Equipment Maintenance,5
2024-09-23,Management,Staff Meetings,5
2024-09-23,Management,Report Preparation,9
2024-09-23,Management,Customer Feedback Review,7
2024-09-24,Front Desk,Check-ins,18
2024-09-24,Front Desk,Check-outs,3
2024-09-24,Front Desk,Phone Calls,8
2024-09-24,Front Desk,Guest Inquiries,7
2024-09-24,Front Desk,Complaints,27
2024-09-24,Housekeeping,Room Cleaning,17
2024-09-24,Housekeeping,Linen Change,11
2024-09-24,Housekeeping,Supply Restock,3
2024-09-24,Housekeeping,Maintenance Report,5
2024-09-24,Food & Beverage,Room Service Orders,6
2024-09-24,Food & Beverage,Buffet Service,14
2024-09-24,Food & Beverage,Table Service,9
2024-09-24,Food & Beverage,Inventory Check,13
2024-09-24,Maintenance,Fix Requests,5
2024-09-24,Maintenance,Safety Checks,17
2024-09-24,Maintenance,Equipment Maintenance,20
2024-09-24,Management,Staff Meetings,15
2024-09-24,Management,Report Preparation,15
2024-09-24,Management,Customer Feedback Review,14
2024-09-25,Front Desk,Check-ins,6
2024-09-25,Front Desk,Check-outs,10
2024-09-25,Front Desk,Phone Calls,15
2024-09-25,Front Desk,Guest Inquiries,2
2024-09-25,Front Desk,Complaints,3
2024-09-25,Housekeeping,Room Cleaning,11
2024-09-25,Housekeeping,Linen Change,4
2024-09-25,Housekeeping,Supply Restock,15
2024-09-25,Housekeeping,Maintenance Report,11
2024-09-25,Food & Beverage,Room Service Orders,4
2024-09-25,Food & Beverage,Buffet Service,4
2024-09-25,Food & Beverage,Table Service,23
2024-09-25,Food & Beverage,Inventory Check,12
2024-09-25,Maintenance,Fix Requests,19
2024-09-25,Maintenance,Safety Checks,19
2024-09-25,Maintenance,Equipment Maintenance,5
2024-09-25,Management,Staff Meetings,11
2024-09-25,Management,Report Preparation,20
2024-09-25,Management,Customer Feedback Review,1
2024-09-26,Front Desk,Check-ins,6
2024-09-26,Front Desk,Check-outs,3
2024-09-26,Front Desk,Phone Calls,15
2024-09-26,Front Desk,Guest Inquiries,5
2024-09-26,Front Desk,Complaints,8
2024-09-26,Housekeeping,Room Cleaning,14
2024-09-26,Housekeeping,Linen Change,4
2024-09-26,Housekeeping,Supply Restock,5
2024-09-26,Housekeeping,Maintenance Report,7
2024-09-26,Food & Beverage,Room Service Orders,10
2024-09-26,Food & Beverage,Buffet Service,13
2024-09-26,Food & Beverage,Table Service,4
2024-09-26,Food & Beverage,Inventory Check,11
2024-09-26,Maintenance,Fix Requests,10
2024-09-26,Maintenance,Safety Checks,16
2024-09-26,Maintenance,Equipment Maintenance,7
2024-09-26,Management,Staff Meetings,8
2024-09-26,Management,Report Preparation,13
2024-09-26,Management,Customer Feedback Review,2
2024-09-27,Front Desk,Check-ins,0
2024-09-27,Front Desk,Check-outs,6
2024-09-27,Front Desk,Phone Calls,14
2024-09-27,Front Desk,Guest Inquiries,6
2024-09-27,Front Desk,Complaints,14
2024-09-27,Housekeeping,Room Cleaning,6
2024-09-27,Housekeeping,Linen Change,7
2024-09-27,Housekeeping,Supply Restock,14
2024-09-27,Housekeeping,Maintenance Report,10
2024-09-27,Food & Beverage,Room Service Orders,18
2024-09-27,Food & Beverage,Buffet Service,11
2024-09-27,Food & Beverage,Table Service,5
2024-09-27,Food & Beverage,Inventory Check,13
2024-09-27,Maintenance,Fix Requests,2
2024-09-27,Maintenance,Safety Checks,8
2024-09-27,Maintenance,Equipment Maintenance,7
2024-09-27,Management,Staff Meetings,16
2024-09-27,Management,Report Preparation,3
2024-09-27,Management,Customer Feedback Review,4
2024-09-28,Front Desk,Check-ins,6
2024-09-28,Front Desk,Check-outs,14
2024-09-28,Front Desk,Phone Calls,2
2024-09-28,Front Desk,Guest Inquiries,11
2024-09-28,Front Desk,Complaints,21
2024-09-28,Housekeeping,Room Cleaning,5
2024-09-28,Housekeeping,Linen Change,10
2024-09-28,Housekeeping,Supply Restock,7
2024-09-28,Housekeeping,Maintenance Report,16
2024-09-28,Food & Beverage,Room Service Orders,12
2024-09-28,Food & Beverage,Buffet Service,13
2024-09-28,Food & Beverage,Table Service,18
2024-09-28,Food & Beverage,Inventory Check,12
2024-09-28,Maintenance,Fix Requests,2
2024-09-28,Maintenance,Safety Checks,5
2024-09-28,Maintenance,Equipment Maintenance,10
2024-09-28,Management,Staff Meetings,22
2024-09-28,Management,Report Preparation,1
2024-09-28,Management,Customer Feedback Review,8
2024-09-29,Front Desk,Check-ins,24
2024-09-29,Front Desk,Check-outs,13
2024-09-29,Front Desk,Phone Calls,7
2024-09-29,Front Desk,Guest Inquiries,11
2024-09-29,Front Desk,Complaints,5
2024-09-29,Housekeeping,Room Cleaning,18
2024-09-29,Housekeeping,Linen Change,9
2024-09-29,Housekeeping,Supply Restock,2
2024-09-29,Housekeeping,Maintenance Report,15
2024-09-29,Food & Beverage,Room Service Orders,5
2024-09-29,Food & Beverage,Buffet Service,12
2024-09-29,Food & Beverage,Table Service,2
2024-09-29,Food & Beverage,Inventory Check,16
2024-09-29,Maintenance,Fix Requests,7
2024-09-29,Maintenance,Safety Checks,17
2024-09-29,Maintenance,Equipment Maintenance,9
2024-09-29,Management,Staff Meetings,14
2024-09-29,Management,Report Preparation,7
2024-09-29,Management,Customer Feedback Review,15
2024-09-30,Front Desk,Check-ins,6
2024-09-30,Front Desk,Check-outs,5
2024-09-30,Front Desk,Phone Calls,17
2024-09-30,Front Desk,Guest Inquiries,7
2024-09-30,Front Desk,Complaints,16
2024-09-30,Housekeeping,Room Cleaning,6
2024-09-30,Housekeeping,Linen Change,4
2024-09-30,Housekeeping,Supply Restock,14
2024-09-30,Housekeeping,Maintenance Report,8
2024-09-30,Food & Beverage,Room Service Orders,22
2024-09-30,Food & Beverage,Buffet Service,4
2024-09-30,Food & Beverage,Table Service,8
2024-09-30,Food & Beverage,Inventory Check,5
2024-09-30,Maintenance,Fix Requests,5
2024-09-30,Maintenance,Safety Checks,4
2024-09-30,Maintenance,Equipment Maintenance,10
2024-09-30,Management,Staff Meetings,15
2024-09-30,Management,Report Preparation,6
2024-09-30,Management,Customer Feedback Review,12
2024-10-01,Front Desk,Check-ins,6
2024-10-01,Front Desk,Check-outs,9
2024-10-01,Front Desk,Phone Calls,14
2024-10-01,Front Desk,Guest Inquiries,9
2024-10-01,Front Desk,Complaints,11
2024-10-01,Housekeeping,Room Cleaning,13
2024-10-01,Housekeeping,Linen Change,17
2024-10-01,Housekeeping,Supply Restock,2
2024-10-01,Housekeeping,Maintenance Report,13
2024-10-01,Food & Beverage,Room Service Orders,8
2024-10-01,Food & Beverage,Buffet Service,10
2024-10-01,Food & Beverage,Table Service,9
2024-10-01,Food & Beverage,Inventory Check,2
2024-10-01,Maintenance,Fix Requests,1
2024-10-01,Maintenance,Safety Checks,19
2024-10-01,Maintenance,Equipment Maintenance,21
2024-10-01,Management,Staff Meetings,8
2024-10-01,Management,Report Preparation,7
2024-10-01,Management,Customer Feedback Review,3
2024-10-02,Front Desk,Check-ins,17
2024-10-02,Front Desk,Check-outs,6
2024-10-02,Front Desk,Phone Calls,17
2024-10-02,Front Desk,Guest Inquiries,1
2024-10-02,Front Desk,Complaints,5
2024-10-02,Housekeeping,Room Cleaning,9
2024-10-02,Housekeeping,Linen Change,7
2024-10-02,Housekeeping,Supply Restock,7
2024-10-02,Housekeeping,Maintenance Report,6
2024-10-02,Food & Beverage,Room Service Orders,4
2024-10-02,Food & Beverage,Buffet Service,15
2024-10-02,Food & Beverage,Table Service,4
2024-10-02,Food & Beverage,Inventory Check,10
2024-10-02,Maintenance,Fix Requests,22
2024-10-02,Maintenance,Safety Checks,2
2024-10-02,Maintenance,Equipment Maintenance,2
2024-10-02,Management,Staff Meetings,12
2024-10-02,Management,Report Preparation,25
2024-10-02,Management,Customer Feedback Review,3
2024-10-03,Front Desk,Check-ins,17
2024-10-03,Front Desk,Check-outs,8
2024-10-03,Front Desk,Phone Calls,5
2024-10-03,Front Desk,Guest Inquiries,11
2024-10-03,Front Desk,Complaints,20
2024-10-03,Housekeeping,Room Cleaning,17
2024-10-03,Housekeeping,Linen Change,4
2024-10-03,Housekeeping,Supply Restock,7
2024-10-03,Housekeeping,Maintenance Report,3
2024-10-03,Food & Beverage,Room Service Orders,1
2024-10-03,Food & Beverage,Buffet Service,18
2024-10-03,Food & Beverage,Table Service,19
2024-10-03,Food & Beverage,Inventory Check,24
2024-10-03,Maintenance,Fix Requests,26
2024-10-03,Maintenance,Safety Checks,21
2024-10-03,Maintenance,Equipment Maintenance,18
2024-10-03,Management,Staff Meetings,15
2024-10-03,Management,Report Preparation,18
2024-10-03,Management,Customer Feedback Review,8
2024-10-04,Front Desk,Check-ins,13
2024-10-04,Front Desk,Check-outs,10
2024-10-04,Front Desk,Phone Calls,15
2024-10-04,Front Desk,Guest Inquiries,14
2024-10-04,Front Desk,Complaints,4
2024-10-04,Housekeeping,Room Cleaning,10
2024-10-04,Housekeeping,Linen Change,7
2024-10-04,Housekeeping,Supply Restock,12
2024-10-04,Housekeeping,Maintenance Report,18
2024-10-04,Food & Beverage,Room Service Orders,9
2024-10-04,Food & Beverage,Buffet Service,10
2024-10-04,Food & Beverage,Table Service,3
2024-10-04,Food & Beverage,Inventory Check,12
2024-10-04,Maintenance,Fix Requests,8
2024-10-04,Maintenance,Safety Checks,19
2024-10-04,Maintenance,Equipment Maintenance,5
2024-10-04,Management,Staff Meetings,17
2024-10-04,Management,Report Preparation,7
2024-10-04,Management,Customer Feedback Review,8
2024-10-05,Front Desk,Check-ins,12
2024-10-05,Front Desk,Check-outs,10
2024-10-05,Front Desk,Phone Calls,10
2024-10-05,Front Desk,Guest Inquiries,6
2024-10-05,Front Desk,Complaints,15
2024-10-05,Housekeeping,Room Cleaning,9
2024-10-05,Housekeeping,Linen Change,8
2024-10-05,Housekeeping,Supply Restock,2
2024-10-05,Housekeeping,Maintenance Report,9
2024-10-05,Food & Beverage,Room Service Orders,13
2024-10-05,Food & Beverage,Buffet Service,5
2024-10-05,Food & Beverage,Table Service,18
2024-10-05,Food & Beverage,Inventory Check,13
2024-10-05,Maintenance,Fix Requests,11
2024-10-05,Maintenance,Safety Checks,12
2024-10-05,Maintenance,Equipment Maintenance,4
2024-10-05,Management,Staff Meetings,11
2024-10-05,Management,Report Preparation,22
2024-10-05,Management,Customer Feedback Review,15
2024-10-06,Front Desk,Check-ins,11
2024-10-06,Front Desk,Check-outs,9
2024-10-06,Front Desk,Phone Calls,5
2024-10-06,Front Desk,Guest Inquiries,18
2024-10-06,Front Desk,Complaints,8
2024-10-06,Housekeeping,Room Cleaning,12
2024-10-06,Housekeeping,Linen Change,12
2024-10-06,Housekeeping,Supply Restock,10
2024-10-06,Housekeeping,Maintenance Report,7
2024-10-06,Food & Beverage,Room Service Orders,6
2024-10-06,Food & Beverage,Buffet Service,22
2024-10-06,Food & Beverage,Table Service,7
2024-10-06,Food & Beverage,Inventory Check,12
2024-10-06,Maintenance,Fix Requests,14
2024-10-06,Maintenance,Safety Checks,1
2024-10-06,Maintenance,Equipment Maintenance,16
2024-10-06,Management,Staff Meetings,11
2024-10-06,Management,Report Preparation,11
2024-10-06,Management,Customer Feedback Review,5
2024-10-07,Front Desk,Check-ins,14
2024-10-07,Front Desk,Check-outs,18
2024-10-07,Front Desk,Phone Calls,4
2024-10-07,Front Desk,Guest Inquiries,19
2024-10-07,Front Desk,Complaints,3
2024-10-07,Housekeeping,Room Cleaning,16
2024-10-07,Housekeeping,Linen Change,4
2024-10-07,Housekeeping,Supply Restock,17
2024-10-07,Housekeeping,Maintenance Report,2
2024-10-07,Food & Beverage,Room Service Orders,6
2024-10-07,Food & Beverage,Buffet Service,4
2024-10-07,Food & Beverage,Table Service,14
2024-10-07,Food & Beverage,Inventory Check,13
2024-10-07,Maintenance,Fix Requests,3
2024-10-07,Maintenance,Safety Checks,19
2024-10-07,Maintenance,Equipment Maintenance,16
2024-10-07,Management,Staff Meetings,13
2024-10-07,Management,Report Preparation,12
2024-10-07,Management,Customer Feedback Review,8
2024-10-08,Front Desk,Check-ins,16
2024-10-08,Front Desk,Check-outs,10
2024-10-08,Front Desk,Phone Calls,13
2024-10-08,Front Desk,Guest Inquiries,16
2024-10-08,Front Desk,Complaints,1
2024-10-08,Housekeeping,Room Cleaning,12
2024-10-08,Housekeeping,Linen Change,9
2024-10-08,Housekeeping,Supply Restock,6
2024-10-08,Housekeeping,Maintenance Report,4
2024-10-08,Food & Beverage,Room Service Orders,21
2024-10-08,Food & Beverage,Buffet Service,6
2024-10-08,Food & Beverage,Table Service,24
2024-10-08,Food & Beverage,Inventory Check,10
2024-10-08,Maintenance,Fix Requests,10
2024-10-08,Maintenance,Safety Checks,18
2024-10-08,Maintenance,Equipment Maintenance,12
2024-10-08,Management,Staff Meetings,6
2024-10-08,Management,Report Preparation,7
2024-10-08,Management,Customer Feedback Review,7
2024-10-09,Front Desk,Check-ins,7
2024-10-09,Front Desk,Check-outs,3
2024-10-09,Front Desk,Phone Calls,3
2024-10-09,Front Desk,Guest Inquiries,16
2024-10-09,Front Desk,Complaints,13
2024-10-09,Housekeeping,Room Cleaning,3
2024-10-09,Housekeeping,Linen Change,20
2024-10-09,Housekeeping,Supply Restock,12
2024-10-09,Housekeeping,Maintenance Report,16
2024-10-09,Food & Beverage,Room Service Orders,19
2024-10-09,Food & Beverage,Buffet Service,19
2024-10-09,Food & Beverage,Table Service,4
2024-10-09,Food & Beverage,Inventory Check,9
2024-10-09,Maintenance,Fix Requests,27
2024-10-09,Maintenance,Safety Checks,12
2024-10-09,Maintenance,Equipment Maintenance,21
2024-10-09,Management,Staff Meetings,11
2024-10-09,Management,Report Preparation,7
2024-10-09,Management,Customer Feedback Review,8
2024-10-10,Front Desk,Check-ins,11
2024-10-10,Front Desk,Check-outs,4
2024-10-10,Front Desk,Phone Calls,6
2024-10-10,Front Desk,Guest Inquiries,5
2024-10-10,Front Desk,Complaints,8
2024-10-10,Housekeeping,Room Cleaning,19
2024-10-10,Housekeeping,Linen Change,16
2024-10-10,Housekeeping,Supply Restock,13
2024-10-10,Housekeeping,Maintenance Report,6
2024-10-10,Food & Beverage,Room Service Orders,1
2024-10-10,Food & Beverage,Buffet Service,5
2024-10-10,Food & Beverage,Table Service,3
2024-10-10,Food & Beverage,Inventory Check,10
2024-10-10,Maintenance,Fix Requests,9
2024-10-10,Maintenance,Safety Checks,4
2024-10-10,Maintenance,Equipment Maintenance,0
2024-10-10,Management,Staff Meetings,3
2024-10-10,Management,Report Preparation,15
2024-10-10,Management,Customer Feedback Review,6
2024-10-11,Front Desk,Check-ins,4
2024-10-11,Front Desk,Check-outs,10
2024-10-11,Front Desk,Phone Calls,13
2024-10-11,Front Desk,Guest Inquiries,11
2024-10-11,Front Desk,Complaints,14
2024-10-11,Housekeeping,Room Cleaning,11
2024-10-11,Housekeeping,Linen Change,18
2024-10-11,Housekeeping,Supply Restock,3
2024-10-11,Housekeeping,Maintenance Report,4
2024-10-11,Food & Beverage,Room Service Orders,5
2024-10-11,Food & Beverage,Buffet Service,34
2024-10-11,Food & Beverage,Table Service,16
2024-10-11,Food & Beverage,Inventory Check,7
2024-10-11,Maintenance,Fix Requests,3
2024-10-11,Maintenance,Safety Checks,13
2024-10-11,Maintenance,Equipment Maintenance,8
2024-10-11,Management,Staff Meetings,3
2024-10-11,Management,Report Preparation,5
2024-10-11,Management,Customer Feedback Review,9
2024-10-12,Front Desk,Check-ins,12
2024-10-12,Front Desk,Check-outs,9
2024-10-12,Front Desk,Phone Calls,1
2024-10-12,Front Desk,Guest Inquiries,12
2024-10-12,Front Desk,Complaints,5
2024-10-12,Housekeeping,Room Cleaning,18
2024-10-12,Housekeeping,Linen Change,7
2024-10-12,Housekeeping,Supply Restock,11
2024-10-12,Housekeeping,Maintenance Report,11
2024-10-12,Food & Beverage,Room Service Orders,14
2024-10-12,Food & Beverage,Buffet Service,16
2024-10-12,Food & Beverage,Table Service,11
2024-10-12,Food & Beverage,Inventory Check,14
2024-10-12,Maintenance,Fix Requests,13
2024-10-12,Maintenance,Safety Checks,17
2024-10-12,Maintenance,Equipment Maintenance,10
2024-10-12,Management,Staff Meetings,1
2024-10-12,Management,Report Preparation,11
2024-10-12,Management,Customer Feedback Review,3
2024-10-13,Front Desk,Check-ins,7
2024-10-13,Front Desk,Check-outs,11
2024-10-13,Front Desk,Phone Calls,25
2024-10-13,Front Desk,Guest Inquiries,18
2024-10-13,Front Desk,Complaints,16
2024-10-13,Housekeeping,Room Cleaning,17
2024-10-13,Housekeeping,Linen Change,4
2024-10-13,Housekeeping,Supply Restock,11
2024-10-13,Housekeeping,Maintenance Report,20
2024-10-13,Food & Beverage,Room Service Orders,11
2024-10-13,Food & Beverage,Buffet Service,5
2024-10-13,Food & Beverage,Table Service,5
2024-10-13,Food & Beverage,Inventory Check,12
2024-10-13,Maintenance,Fix Requests,15
2024-10-13,Maintenance,Safety Checks,15
2024-10-13,Maintenance,Equipment Maintenance,11
2024-10-13,Management,Staff Meetings,15
2024-10-13,Management,Report Preparation,8
2024-10-13,Management,Customer Feedback Review,4
2024-10-14,Front Desk,Check-ins,14
2024-10-14,Front Desk,Check-outs,16
2024-10-14,Front Desk,Phone Calls,10
2024-10-14,Front Desk,Guest Inquiries,12
2024-10-14,Front Desk,Complaints,8
2024-10-14,Housekeeping,Room Cleaning,12
2024-10-14,Housekeeping,Linen Change,4
2024-10-14,Housekeeping,Supply Restock,4
2024-10-14,Housekeeping,Maintenance Report,19
2024-10-14,Food & Beverage,Room Service Orders,19
2024-10-14,Food & Beverage,Buffet Service,17
2024-10-14,Food & Beverage,Table Service,13
2024-10-14,Food & Beverage,Inventory Check,9
2024-10-14,Maintenance,Fix Requests,13
2024-10-14,Maintenance,Safety Checks,15
2024-10-14,Maintenance,Equipment Maintenance,22
2024-10-14,Management,Staff Meetings,5
2024-10-14,Management,Report Preparation,9
2024-10-14,Management,Customer Feedback Review,25
2024-10-15,Front Desk,Check-ins,10
2024-10-15,Front Desk,Check-outs,11
2024-10-15,Front Desk,Phone Calls,9
2024-10-15,Front Desk,Guest Inquiries,13
2024-10-15,Front Desk,Complaints,20
2024-10-15,Housekeeping,Room Cleaning,14
2024-10-15,Housekeeping,Linen Change,21
2024-10-15,Housekeeping,Supply Restock,5
2024-10-15,Housekeeping,Maintenance Report,5
2024-10-15,Food & Beverage,Room Service Orders,20
2024-10-15,Food & Beverage,Buffet Service,5
2024-10-15,Food & Beverage,Table Service,8
2024-10-15,Food & Beverage,Inventory Check,12
2024-10-15,Maintenance,Fix Requests,18
2024-10-15,Maintenance,Safety Checks,13
2024-10-15,Maintenance,Equipment Maintenance,20
2024-10-15,Management,Staff Meetings,10
2024-10-15,Management,Report Preparation,12
2024-10-15,Management,Customer Feedback Review,7
2024-10-16,Front Desk,Check-ins,8
2024-10-16,Front Desk,Check-outs,19
2024-10-16,Front Desk,Phone Calls,17
2024-10-16,Front Desk,Guest Inquiries,6
2024-10-16,Front Desk,Complaints,15
2024-10-16,Housekeeping,Room Cleaning,15
2024-10-16,Housekeeping,Linen Change,23
2024-10-16,Housekeeping,Supply Restock,12
2024-10-16,Housekeeping,Maintenance Report,9
2024-10-16,Food & Beverage,Room Service Orders,17
2024-10-16,Food & Beverage,Buffet Service,3
2024-10-16,Food & Beverage,Table Service,1
2024-10-16,Food & Beverage,Inventory Check,22
2024-10-16,Maintenance,Fix Requests,9
2024-10-16,Maintenance,Safety Checks,15
2024-10-16,Maintenance,Equipment Maintenance,15
2024-10-16,Management,Staff Meetings,14
2024-10-16,Management,Report Preparation,8
2024-10-16,Management,Customer Feedback Review,13
2024-10-17,Front Desk,Check-ins,14
2024-10-17,Front Desk,Check-outs,16
2024-10-17,Front Desk,Phone Calls,6
2024-10-17,Front Desk,Guest Inquiries,6
2024-10-17,Front Desk,Complaints,15
2024-10-17,Housekeeping,Room Cleaning,8
2024-10-17,Housekeeping,Linen Change,4
2024-10-17,Housekeeping,Supply Restock,20
2024-10-17,Housekeeping,Maintenance Report,6
2024-10-17,Food & Beverage,Room Service Orders,10
2024-10-17,Food & Beverage,Buffet Service,5
2024-10-17,Food & Beverage,Table Service,12
2024-10-17,Food & Beverage,Inventory Check,7
2024-10-17,Maintenance,Fix Requests,12
2024-10-17,Maintenance,Safety Checks,10
2024-10-17,Maintenance,Equipment Maintenance,21
2024-10-17,Management,Staff Meetings,15
2024-10-17,Management,Report Preparation,4
2024-10-17,Management,Customer Feedback Review,9
2024-10-18,Front Desk,Check-ins,12
2024-10-18,Front Desk,Check-outs,6
2024-10-18,Front Desk,Phone Calls,14
2024-10-18,Front Desk,Guest Inquiries,29
2024-10-18,Front Desk,Complaints,8
2024-10-18,Housekeeping,Room Cleaning,7
2024-10-18,Housekeeping,Linen Change,5
2024-10-18,Housekeeping,Supply Restock,20
2024-10-18,Housekeeping,Maintenance Report,17
2024-10-18,Food & Beverage,Room Service Orders,9
2024-10-18,Food & Beverage,Buffet Service,16
2024-10-18,Food & Beverage,Table Service,20
2024-10-18,Food & Beverage,Inventory Check,1
2024-10-18,Maintenance,Fix Requests,20
2024-10-18,Maintenance,Safety Checks,11
2024-10-18,Maintenance,Equipment Maintenance,15
2024-10-18,Management,Staff Meetings,18
2024-10-18,Management,Report Preparation,1
2024-10-18,Management,Customer Feedback Review,16
2024-10-19,Front Desk,Check-ins,17
2024-10-19,Front Desk,Check-outs,4
2024-10-19,Front Desk,Phone Calls,14
2024-10-19,Front Desk,Guest Inquiries,11
2024-10-19,Front Desk,Complaints,8
2024-10-19,Housekeeping,Room Cleaning,4
2024-10-19,Housekeeping,Linen Change,8
2024-10-19,Housekeeping,Supply Restock,8
2024-10-19,Housekeeping,Maintenance Report,19
2024-10-19,Food & Beverage,Room Service Orders,5
2024-10-19,Food & Beverage,Buffet Service,10
2024-10-19,Food & Beverage,Table Service,18
2024-10-19,Food & Beverage,Inventory Check,10
2024-10-19,Maintenance,Fix Requests,23
2024-10-19,Maintenance,Safety Checks,8
2024-10-19,Maintenance,Equipment Maintenance,12
2024-10-19,Management,Staff Meetings,10
2024-10-19,Management,Report Preparation,19
2024-10-19,Management,Customer Feedback Review,10
2024-10-20,Front Desk,Check-ins,14
2024-10-20,Front Desk,Check-outs,13
2024-10-20,Front Desk,Phone Calls,13
2024-10-20,Front Desk,Guest Inquiries,2
2024-10-20,Front Desk,Complaints,11
2024-10-20,Housekeeping,Room Cleaning,8
2024-10-20,Housekeeping,Linen Change,11
2024-10-20,Housekeeping,Supply Restock,5
2024-10-20,Housekeeping,Maintenance Report,19
2024-10-20,Food & Beverage,Room Service Orders,15
2024-10-20,Food & Beverage,Buffet Service,9
2024-10-20,Food & Beverage,Table Service,13
2024-10-20,Food & Beverage,Inventory Check,7
2024-10-20,Maintenance,Fix Requests,13
2024-10-20,Maintenance,Safety Checks,5
2024-10-20,Maintenance,Equipment Maintenance,9
2024-10-20,Management,Staff Meetings,8
2024-10-20,Management,Report Preparation,12
2024-10-20,Management,Customer Feedback Review,4
2024-10-21,Front Desk,Check-ins,8
2024-10-21,Front Desk,Check-outs,8
2024-10-21,Front Desk,Phone Calls,3
2024-10-21,Front Desk,Guest Inquiries,6
2024-10-21,Front Desk,Complaints,14
2024-10-21,Housekeeping,Room Cleaning,11
2024-10-21,Housekeeping,Linen Change,10
2024-10-21,Housekeeping,Supply Restock,8
2024-10-21,Housekeeping,Maintenance Report,2
2024-10-21,Food & Beverage,Room Service Orders,20
2024-10-21,Food & Beverage,Buffet Service,9
2024-10-21,Food & Beverage,Table Service,6
2024-10-21,Food & Beverage,Inventory Check,12
2024-10-21,Maintenance,Fix Requests,16
2024-10-21,Maintenance,Safety Checks,12
2024-10-21,Maintenance,Equipment Maintenance,22
2024-10-21,Management,Staff Meetings,16
2024-10-21,Management,Report Preparation,11
2024-10-21,Management,Customer Feedback Review,22
2024-10-22,Front Desk,Check-ins,6
2024-10-22,Front Desk,Check-outs,6
2024-10-22,Front Desk,Phone Calls,16
2024-10-22,Front Desk,Guest Inquiries,8
2024-10-22,Front Desk,Complaints,7
2024-10-22,Housekeeping,Room Cleaning,17
2024-10-22,Housekeeping,Linen Change,6
2024-10-22,Housekeeping,Supply Restock,16
2024-10-22,Housekeeping,Maintenance Report,15
2024-10-22,Food & Beverage,Room Service Orders,16
2024-10-22,Food & Beverage,Buffet Service,16
2024-10-22,Food & Beverage,Table Service,23
2024-10-22,Food & Beverage,Inventory Check,13
2024-10-22,Maintenance,Fix Requests,17
2024-10-22,Maintenance,Safety Checks,8
2024-10-22,Maintenance,Equipment Maintenance,23
2024-10-22,Management,Staff Meetings,14
2024-10-22,Management,Report Preparation,8
2024-10-22,Management,Customer Feedback Review,7
2024-10-23,Front Desk,Check-ins,15
2024-10-23,Front Desk,Check-outs,2
2024-10-23,Front Desk,Phone Calls,20
2024-10-23,Front Desk,Guest Inquiries,16
2024-10-23,Front Desk,Complaints,11
2024-10-23,Housekeeping,Room Cleaning,16
2024-10-23,Housekeeping,Linen Change,4
2024-10-23,Housekeeping,Supply Restock,15
2024-10-23,Housekeeping,Maintenance Report,14
2024-10-23,Food & Beverage,Room Service Orders,18
2024-10-23,Food & Beverage,Buffet Service,15
2024-10-23,Food & Beverage,Table Service,13
2024-10-23,Food & Beverage,Inventory Check,23
2024-10-23,Maintenance,Fix Requests,5
2024-10-23,Maintenance,Safety Checks,1
2024-10-23,Maintenance,Equipment Maintenance,5
2024-10-23,Management,Staff Meetings,10
2024-10-23,Management,Report Preparation,10
2024-10-23,Management,Customer Feedback Review,11
2024-10-24,Front Desk,Check-ins,16
2024-10-24,Front Desk,Check-outs,9
2024-10-24,Front Desk,Phone Calls,2
2024-10-24,Front Desk,Guest Inquiries,4
2024-10-24,Front Desk,Complaints,2
2024-10-24,Housekeeping,Room Cleaning,5
2024-10-24,Housekeeping,Linen Change,2
2024-10-24,Housekeeping,Supply Restock,7
2024-10-24,Housekeeping,Maintenance Report,10
2024-10-24,Food & Beverage,Room Service Orders,7
2024-10-24,Food & Beverage,Buffet Service,5
2024-10-24,Food & Beverage,Table Service,12
2024-10-24,Food & Beverage,Inventory Check,24
2024-10-24,Maintenance,Fix Requests,17
2024-10-24,Maintenance,Safety Checks,14
2024-10-24,Maintenance,Equipment Maintenance,6
2024-10-24,Management,Staff Meetings,3
2024-10-24,Management,Report Preparation,13
2024-10-24,Management,Customer Feedback Review,21
2024-10-25,Front Desk,Check-ins,9
2024-10-25,Front Desk,Check-outs,9
2024-10-25,Front Desk,Phone Calls,22
2024-10-25,Front Desk,Guest Inquiries,7
2024-10-25,Front Desk,Complaints,14
2024-10-25,Housekeeping,Room Cleaning,7
2024-10-25,Housekeeping,Linen Change,3
2024-10-25,Housekeeping,Supply Restock,24
2024-10-25,Housekeeping,Maintenance Report,20
2024-10-25,Food & Beverage,Room Service Orders,1
2024-10-25,Food & Beverage,Buffet Service,19
2024-10-25,Food & Beverage,Table Service,1
2024-10-25,Food & Beverage,Inventory Check,24
2024-10-25,Maintenance,Fix Requests,13
2024-10-25,Maintenance,Safety Checks,3
2024-10-25,Maintenance,Equipment Maintenance,21
2024-10-25,Management,Staff Meetings,21
2024-10-25,Management,Report Preparation,23
2024-10-25,Management,Customer Feedback Review,12
2024-10-26,Front Desk,Check-ins,4
2024-10-26,Front Desk,Check-outs,11
2024-10-26,Front Desk,Phone Calls,10
2024-10-26,Front Desk,Guest Inquiries,8
2024-10-26,Front Desk,Complaints,1
2024-10-26,Housekeeping,Room Cleaning,15
2024-10-26,Housekeeping,Linen Change,7
2024-10-26,Housekeeping,Supply Restock,8
2024-10-26,Housekeeping,Maintenance Report,19
2024-10-26,Food & Beverage,Room Service Orders,21
2024-10-26,Food & Beverage,Buffet Service,0
2024-10-26,Food & Beverage,Table Service,14
2024-10-26,Food & Beverage,Inventory Check,14
2024-10-26,Maintenance,Fix Requests,18
2024-10-26,Maintenance,Safety Checks,15
2024-10-26,Maintenance,Equipment Maintenance,4
2024-10-26,Management,Staff Meetings,5
2024-10-26,Management,Report Preparation,9
2024-10-26,Management,Customer Feedback Review,11
2024-10-27,Front Desk,Check-ins,11
2024-10-27,Front Desk,Check-outs,16
2024-10-27,Front Desk,Phone Calls,7
2024-10-27,Front Desk,Guest Inquiries,7
2024-10-27,Front Desk,Complaints,10
2024-10-27,Housekeeping,Room Cleaning,16
2024-10-27,Housekeeping,Linen Change,18
2024-10-27,Housekeeping,Supply Restock,13
2024-10-27,Housekeeping,Maintenance Report,5
2024-10-27,Food & Beverage,Room Service Orders,23
2024-10-27,Food & Beverage,Buffet Service,6
2024-10-27,Food & Beverage,Table Service,20
2024-10-27,Food & Beverage,Inventory Check,15
2024-10-27,Maintenance,Fix Requests,17
2024-10-27,Maintenance,Safety Checks,19
2024-10-27,Maintenance,Equipment Maintenance,20
2024-10-27,Management,Staff Meetings,6
2024-10-27,Management,Report Preparation,21
2024-10-27,Management,Customer Feedback Review,20
2024-10-28,Front Desk,Check-ins,7
2024-10-28,Front Desk,Check-outs,5
2024-10-28,Front Desk,Phone Calls,4
2024-10-28,Front Desk,Guest Inquiries,17
2024-10-28,Front Desk,Complaints,11
2024-10-28,Housekeeping,Room Cleaning,10
2024-10-28,Housekeeping,Linen Change,8
2024-10-28,Housekeeping,Supply Restock,20
2024-10-28,Housekeeping,Maintenance Report,16
2024-10-28,Food & Beverage,Room Service Orders,2
2024-10-28,Food & Beverage,Buffet Service,7
2024-10-28,Food & Beverage,Table Service,16
2024-10-28,Food & Beverage,Inventory Check,8
2024-10-28,Maintenance,Fix Requests,14
2024-10-28,Maintenance,Safety Checks,19
2024-10-28,Maintenance,Equipment Maintenance,11
2024-10-28,Management,Staff Meetings,11
2024-10-28,Management,Report Preparation,5
2024-10-28,Management,Customer Feedback Review,8
2024-10-29,Front Desk,Check-ins,6
2024-10-29,Front Desk,Check-outs,2
2024-10-29,Front Desk,Phone Calls,22
2024-10-29,Front Desk,Guest Inquiries,6
2024-10-29,Front Desk,Complaints,12
2024-10-29,Housekeeping,Room Cleaning,2
2024-10-29,Housekeeping,Linen Change,6
2024-10-29,Housekeeping,Supply Restock,9
2024-10-29,Housekeeping,Maintenance Report,12
2024-10-29,Food & Beverage,Room Service Orders,11
2024-10-29,Food & Beverage,Buffet Service,13
2024-10-29,Food & Beverage,Table Service,11
2024-10-29,Food & Beverage,Inventory Check,4
2024-10-29,Maintenance,Fix Requests,18
2024-10-29,Maintenance,Safety Checks,4
2024-10-29,Maintenance,Equipment Maintenance,12
2024-10-29,Management,Staff Meetings,6
2024-10-29,Management,Report Preparation,2
2024-10-29,Management,Customer Feedback Review,12
2024-10-30,Front Desk,Check-ins,16
2024-10-30,Front Desk,Check-outs,1
2024-10-30,Front Desk,Phone Calls,1
2024-10-30,Front Desk,Guest Inquiries,23
2024-10-30,Front Desk,Complaints,12
2024-10-30,Housekeeping,Room Cleaning,15
2024-10-30,Housekeeping,Linen Change,12
2024-10-30,Housekeeping,Supply Restock,5
2024-10-30,Housekeeping,Maintenance Report,23
2024-10-30,Food & Beverage,Room Service Orders,9
2024-10-30,Food & Beverage,Buffet Service,18
2024-10-30,Food & Beverage,Table Service,4
2024-10-30,Food & Beverage,Inventory Check,6
2024-10-30,Maintenance,Fix Requests,18
2024-10-30,Maintenance,Safety Checks,14
2024-10-30,Maintenance,Equipment Maintenance,14
2024-10-30,Management,Staff Meetings,17
2024-10-30,Management,Report Preparation,11
2024-10-30,Management,Customer Feedback Review,16
2024-10-31,Front Desk,Check-ins,6
2024-10-31,Front Desk,Check-outs,6
2024-10-31,Front Desk,Phone Calls,5
2024-10-31,Front Desk,Guest Inquiries,4
2024-10-31,Front Desk,Complaints,10
2024-10-31,Housekeeping,Room Cleaning,12
2024-10-31,Housekeeping,Linen Change,5
2024-10-31,Housekeeping,Supply Restock,7
2024-10-31,Housekeeping,Maintenance Report,20
2024-10-31,Food & Beverage,Room Service Orders,5
2024-10-31,Food & Beverage,Buffet Service,18
2024-10-31,Food & Beverage,Table Service,9
2024-10-31,Food & Beverage,Inventory Check,13
2024-10-31,Maintenance,Fix Requests,8
2024-10-31,Maintenance,Safety Checks,4
2024-10-31,Maintenance,Equipment Maintenance,9
2024-10-31,Management,Staff Meetings,1
2024-10-31,Management,Report Preparation,13
2024-10-31,Management,Customer Feedback Review,8
2024-11-01,Front Desk,Check-ins,1
2024-11-01,Front Desk,Check-outs,18
2024-11-01,Front Desk,Phone Calls,14
2024-11-01,Front Desk,Guest Inquiries,14
2024-11-01,Front Desk,Complaints,11
2024-11-01,Housekeeping,Room Cleaning,10
2024-11-01,Housekeeping,Linen Change,2
2024-11-01,Housekeeping,Supply Restock,11
2024-11-01,Housekeeping,Maintenance Report,6
2024-11-01,Food & Beverage,Room Service Orders,12
2024-11-01,Food & Beverage,Buffet Service,14
2024-11-01,Food & Beverage,Table Service,5
2024-11-01,Food & Beverage,Inventory Check,11
2024-11-01,Maintenance,Fix Requests,7
2024-11-01,Maintenance,Safety Checks,19
2024-11-01,Maintenance,Equipment Maintenance,20
2024-11-01,Management,Staff Meetings,13
2024-11-01,Management,Report Preparation,17
2024-11-01,Management,Customer Feedback Review,5
2024-11-02,Front Desk,Check-ins,3
2024-11-02,Front Desk,Check-outs,8
2024-11-02,Front Desk,Phone Calls,5
2024-11-02,Front Desk,Guest Inquiries,16
2024-11-02,Front Desk,Complaints,16
2024-11-02,Housekeeping,Room Cleaning,20
2024-11-02,Housekeeping,Linen Change,10
2024-11-02,Housekeeping,Supply Restock,23
2024-11-02,Housekeeping,Maintenance Report,3
2024-11-02,Food & Beverage,Room Service Orders,12
2024-11-02,Food & Beverage,Buffet Service,5
2024-11-02,Food & Beverage,Table Service,3
2024-11-02,Food & Beverage,Inventory Check,4
2024-11-02,Maintenance,Fix Requests,15
2024-11-02,Maintenance,Safety Checks,5
2024-11-02,Maintenance,Equipment Maintenance,9
2024-11-02,Management,Staff Meetings,5
2024-11-02,Management,Report Preparation,8
2024-11-02,Management,Customer Feedback Review,4
2024-11-03,Front Desk,Check-ins,20
2024-11-03,Front Desk,Check-outs,12
2024-11-03,Front Desk,Phone Calls,20
2024-11-03,Front Desk,Guest Inquiries,11
2024-11-03,Front Desk,Complaints,1
2024-11-03,Housekeeping,Room Cleaning,12
2024-11-03,Housekeeping,Linen Change,7
2024-11-03,Housekeeping,Supply Restock,1
2024-11-03,Housekeeping,Maintenance Report,15
2024-11-03,Food & Beverage,Room Service Orders,12
2024-11-03,Food & Beverage,Buffet Service,9
2024-11-03,Food & Beverage,Table Service,9
2024-11-03,Food & Beverage,Inventory Check,12
2024-11-03,Maintenance,Fix Requests,16
2024-11-03,Maintenance,Safety Checks,21
2024-11-03,Maintenance,Equipment Maintenance,7
2024-11-03,Management,Staff Meetings,18
2024-11-03,Management,Report Preparation,15
2024-11-03,Management,Customer Feedback Review,2
2024-11-04,Front Desk,Check-ins,14
2024-11-04,Front Desk,Check-outs,7
2024-11-04,Front Desk,Phone Calls,9
2024-11-04,Front Desk,Guest Inquiries,13
2024-11-04,Front Desk,Complaints,5
2024-11-04,Housekeeping,Room Cleaning,18
2024-11-04,Housekeeping,Linen Change,11
2024-11-04,Housekeeping,Supply Restock,10
2024-11-04,Housekeeping,Maintenance Report,22
2024-11-04,Food & Beverage,Room Service Orders,5
2024-11-04,Food & Beverage,Buffet Service,21
2024-11-04,Food & Beverage,Table Service,5
2024-11-04,Food & Beverage,Inventory Check,17
2024-11-04,Maintenance,Fix Requests,14
2024-11-04,Maintenance,Safety Checks,2
2024-11-04,Maintenance,Equipment Maintenance,7
2024-11-04,Management,Staff Meetings,7
2024-11-04,Management,Report Preparation,7
2024-11-04,Management,Customer Feedback Review,9
2024-11-05,Front Desk,Check-ins,11
2024-11-05,Front Desk,Check-outs,6
2024-11-05,Front Desk,Phone Calls,22
2024-11-05,Front Desk,Guest Inquiries,9
2024-11-05,Front Desk,Complaints,9
2024-11-05,Housekeeping,Room Cleaning,16
2024-11-05,Housekeeping,Linen Change,24
2024-11-05,Housekeeping,Supply Restock,20
2024-11-05,Housekeeping,Maintenance Report,16
2024-11-05,Food & Beverage,Room Service Orders,8
2024-11-05,Food & Beverage,Buffet Service,18
2024-11-05,Food & Beverage,Table Service,11
2024-11-05,Food & Beverage,Inventory Check,7
2024-11-05,Maintenance,Fix Requests,4
2024-11-05,Maintenance,Safety Checks,16
2024-11-05,Maintenance,Equipment Maintenance,13
2024-11-05,Management,Staff Meetings,6
2024-11-05,Management,Report Preparation,12
2024-11-05,Management,Customer Feedback Review,13
2024-11-06,Front Desk,Check-ins,7
2024-11-06,Front Desk,Check-outs,21
2024-11-06,Front Desk,Phone Calls,1
2024-11-06,Front Desk,Guest Inquiries,8
2024-11-06,Front Desk,Complaints,6
2024-11-06,Housekeeping,Room Cleaning,17
2024-11-06,Housekeeping,Linen Change,18
2024-11-06,Housekeeping,Supply Restock,20
2024-11-06,Housekeeping,Maintenance Report,7
2024-11-06,Food & Beverage,Room Service Orders,6
2024-11-06,Food & Beverage,Buffet Service,15
2024-11-06,Food & Beverage,Table Service,15
2024-11-06,Food & Beverage,Inventory Check,10
2024-11-06,Maintenance,Fix Requests,12
2024-11-06,Maintenance,Safety Checks,13
2024-11-06,Maintenance,Equipment Maintenance,20
2024-11-06,Management,Staff Meetings,23
2024-11-06,Management,Report Preparation,13
2024-11-06,Management,Customer Feedback Review,2
2024-11-07,Front Desk,Check-ins,18
2024-11-07,Front Desk,Check-outs,12
2024-11-07,Front Desk,Phone Calls,4
2024-11-07,Front Desk,Guest Inquiries,5
2024-11-07,Front Desk,Complaints,2
2024-11-07,Housekeeping,Room Cleaning,17
2024-11-07,Housekeeping,Linen Change,14
2024-11-07,Housekeeping,Supply Restock,14
2024-11-07,Housekeeping,Maintenance Report,12
2024-11-07,Food & Beverage,Room Service Orders,5
2024-11-07,Food & Beverage,Buffet Service,16
2024-11-07,Food & Beverage,Table Service,20
2024-11-07,Food & Beverage,Inventory Check,8
2024-11-07,Maintenance,Fix Requests,7
2024-11-07,Maintenance,Safety Checks,12
2024-11-07,Maintenance,Equipment Maintenance,4
2024-11-07,Management,Staff Meetings,2
2024-11-07,Management,Report Preparation,14
2024-11-07,Management,Customer Feedback Review,7
2024-11-08,Front Desk,Check-ins,20
2024-11-08,Front Desk,Check-outs,7
2024-11-08,Front Desk,Phone Calls,6
2024-11-08,Front Desk,Guest Inquiries,3
2024-11-08,Front Desk,Complaints,5
2024-11-08,Housekeeping,Room Cleaning,9
2024-11-08,Housekeeping,Linen Change,18
2024-11-08,Housekeeping,Supply Restock,4
2024-11-08,Housekeeping,Maintenance Report,10
2024-11-08,Food & Beverage,Room Service Orders,8
2024-11-08,Food & Beverage,Buffet Service,0
2024-11-08,Food & Beverage,Table Service,22
2024-11-08,Food & Beverage,Inventory Check,5
2024-11-08,Maintenance,Fix Requests,15
2024-11-08,Maintenance,Safety Checks,4
2024-11-08,Maintenance,Equipment Maintenance,3
2024-11-08,Management,Staff Meetings,9
2024-11-08,Management,Report Preparation,13
2024-11-08,Management,Customer Feedback Review,19
2024-11-09,Front Desk,Check-ins,3
2024-11-09,Front Desk,Check-outs,3
2024-11-09,Front Desk,Phone Calls,16
2024-11-09,Front Desk,Guest Inquiries,11
2024-11-09,Front Desk,Complaints,14
2024-11-09,Housekeeping,Room Cleaning,29
2024-11-09,Housekeeping,Linen Change,1
2024-11-09,Housekeeping,Supply Restock,5
2024-11-09,Housekeeping,Maintenance Report,12
2024-11-09,Food & Beverage,Room Service Orders,19
2024-11-09,Food & Beverage,Buffet Service,4
2024-11-09,Food & Beverage,Table Service,19
2024-11-09,Food & Beverage,Inventory Check,6
2024-11-09,Maintenance,Fix Requests,13
2024-11-09,Maintenance,Safety Checks,14
2024-11-09,Maintenance,Equipment Maintenance,6
2024-11-09,Management,Staff Meetings,8
2024-11-09,Management,Report Preparation,6
2024-11-09,Management,Customer Feedback Review,1
2024-11-10,Front Desk,Check-ins,4
2024-11-10,Front Desk,Check-outs,7
2024-11-10,Front Desk,Phone Calls,6
2024-11-10,Front Desk,Guest Inquiries,14
2024-11-10,Front Desk,Complaints,5
2024-11-10,Housekeeping,Room Cleaning,24
2024-11-10,Housekeeping,Linen Change,12
2024-11-10,Housekeeping,Supply Restock,17
2024-11-10,Housekeeping,Maintenance Report,10
2024-11-10,Food & Beverage,Room Service Orders,16
2024-11-10,Food & Beverage,Buffet Service,8
2024-11-10,Food & Beverage,Table Service,4
2024-11-10,Food & Beverage,Inventory Check,10
2024-11-10,Maintenance,Fix Requests,17
2024-11-10,Maintenance,Safety Checks,14
2024-11-10,Maintenance,Equipment Maintenance,16
2024-11-10,Management,Staff Meetings,12
2024-11-10,Management,Report Preparation,7
2024-11-10,Management,Customer Feedback Review,14
2024-11-11,Front Desk,Check-ins,15
2024-11-11,Front Desk,Check-outs,16
2024-11-11,Front Desk,Phone Calls,6
2024-11-11,Front Desk,Guest Inquiries,13
2024-11-11,Front Desk,Complaints,11
2024-11-11,Housekeeping,Room Cleaning,10
2024-11-11,Housekeeping,Linen Change,3
2024-11-11,Housekeeping,Supply Restock,10
2024-11-11,Housekeeping,Maintenance Report,11
2024-11-11,Food & Beverage,Room Service Orders,15
2024-11-11,Food & Beverage,Buffet Service,17
2024-11-11,Food & Beverage,Table Service,17
2024-11-11,Food & Beverage,Inventory Check,21
2024-11-11,Maintenance,Fix Requests,6
2024-11-11,Maintenance,Safety Checks,3
2024-11-11,Maintenance,Equipment Maintenance,18
2024-11-11,Management,Staff Meetings,8
2024-11-11,Management,Report Preparation,21
2024-11-11,Management,Customer Feedback Review,3
2024-11-12,Front Desk,Check-ins,10
2024-11-12,Front Desk,Check-outs,3
2024-11-12,Front Desk,Phone Calls,9
2024-11-12,Front Desk,Guest Inquiries,1
2024-11-12,Front Desk,Complaints,15
2024-11-12,Housekeeping,Room Cleaning,17
2024-11-12,Housekeeping,Linen Change,7
2024-11-12,Housekeeping,Supply Restock,17
2024-11-12,Housekeeping,Maintenance Report,14
2024-11-12,Food & Beverage,Room Service Orders,0
2024-11-12,Food & Beverage,Buffet Service,10
2024-11-12,Food & Beverage,Table Service,13
2024-11-12,Food & Beverage,Inventory Check,15
2024-11-12,Maintenance,Fix Requests,1
2024-11-12,Maintenance,Safety Checks,7
2024-11-12,Maintenance,Equipment Maintenance,8
2024-11-12,Management,Staff Meetings,1
2024-11-12,Management,Report Preparation,11
2024-11-12,Management,Customer Feedback Review,9
2024-11-13,Front Desk,Check-ins,12
2024-11-13,Front Desk,Check-outs,9
2024-11-13,Front Desk,Phone Calls,12
2024-11-13,Front Desk,Guest Inquiries,12
2024-11-13,Front Desk,Complaints,15
2024-11-13,Housekeeping,Room Cleaning,16
2024-11-13,Housekeeping,Linen Change,13
2024-11-13,Housekeeping,Supply Restock,3
2024-11-13,Housekeeping,Maintenance Report,21
2024-11-13,Food & Beverage,Room Service Orders,13
2024-11-13,Food & Beverage,Buffet Service,11
2024-11-13,Food & Beverage,Table Service,12
2024-11-13,Food & Beverage,Inventory Check,17
2024-11-13,Maintenance,Fix Requests,2
2024-11-13,Maintenance,Safety Checks,12
2024-11-13,Maintenance,Equipment Maintenance,17
2024-11-13,Management,Staff Meetings,4
2024-11-13,Management,Report Preparation,17
2024-11-13,Management,Customer Feedback Review,6
2024-11-14,Front Desk,Check-ins,13
2024-11-14,Front Desk,Check-outs,20
2024-11-14,Front Desk,Phone Calls,17
2024-11-14,Front Desk,Guest Inquiries,9
2024-11-14,Front Desk,Complaints,15
2024-11-14,Housekeeping,Room Cleaning,3
2024-11-14,Housekeeping,Linen Change,7
2024-11-14,Housekeeping,Supply Restock,7
2024-11-14,Housekeeping,Maintenance Report,15
2024-11-14,Food & Beverage,Room Service Orders,10
2024-11-14,Food & Beverage,Buffet Service,14
2024-11-14,Food & Beverage,Table Service,7
2024-11-14,Food & Beverage,Inventory Check,11
2024-11-14,Maintenance,Fix Requests,12
2024-11-14,Maintenance,Safety Checks,15
2024-11-14,Maintenance,Equipment Maintenance,15
2024-11-14,Management,Staff Meetings,2
2024-11-14,Management,Report Preparation,21
2024-11-14,Management,Customer Feedback Review,8
2024-11-15,Front Desk,Check-ins,10
2024-11-15,Front Desk,Check-outs,16
2024-11-15,Front Desk,Phone Calls,2
2024-11-15,Front Desk,Guest Inquiries,19
2024-11-15,Front Desk,Complaints,15
2024-11-15,Housekeeping,Room Cleaning,10
2024-11-15,Housekeeping,Linen Change,9
2024-11-15,Housekeeping,Supply Restock,18
2024-11-15,Housekeeping,Maintenance Report,9
2024-11-15,Food & Beverage,Room Service Orders,5
2024-11-15,Food & Beverage,Buffet Service,2
2024-11-15,Food & Beverage,Table Service,17
2024-11-15,Food & Beverage,Inventory Check,9
2024-11-15,Maintenance,Fix Requests,4
2024-11-15,Maintenance,Safety Checks,3
2024-11-15,Maintenance,Equipment Maintenance,14
2024-11-15,Management,Staff Meetings,2
2024-11-15,Management,Report Preparation,7
2024-11-15,Management,Customer Feedback Review,4
2024-11-16,Front Desk,Check-ins,18
2024-11-16,Front Desk,Check-outs,24
2024-11-16,Front Desk,Phone Calls,20
2024-11-16,Front Desk,Guest Inquiries,13
2024-11-16,Front Desk,Complaints,8
2024-11-16,Housekeeping,Room Cleaning,7
2024-11-16,Housekeeping,Linen Change,13
2024-11-16,Housekeeping,Supply Restock,11
2024-11-16,Housekeeping,Maintenance Report,15
2024-11-16,Food & Beverage,Room Service Orders,8
2024-11-16,Food & Beverage,Buffet Service,5
2024-11-16,Food & Beverage,Table Service,13
2024-11-16,Food & Beverage,Inventory Check,9
2024-11-16,Maintenance,Fix Requests,14
2024-11-16,Maintenance,Safety Checks,17
2024-11-16,Maintenance,Equipment Maintenance,8
2024-11-16,Management,Staff Meetings,4
2024-11-16,Management,Report Preparation,2
2024-11-16,Management,Customer Feedback Review,9
2024-11-17,Front Desk,Check-ins,15
2024-11-17,Front Desk,Check-outs,12
2024-11-17,Front Desk,Phone Calls,18
2024-11-17,Front Desk,Guest Inquiries,14
2024-11-17,Front Desk,Complaints,15
2024-11-17,Housekeeping,Room Cleaning,10
2024-11-17,Housekeeping,Linen Change,6
2024-11-17,Housekeeping,Supply Restock,6
2024-11-17,Housekeeping,Maintenance Report,5
2024-11-17,Food & Beverage,Room Service Orders,16
2024-11-17,Food & Beverage,Buffet Service,16
2024-11-17,Food & Beverage,Table Service,15
2024-11-17,Food & Beverage,Inventory Check,7
2024-11-17,Maintenance,Fix Requests,8
2024-11-17,Maintenance,Safety Checks,15
2024-11-17,Maintenance,Equipment Maintenance,5
2024-11-17,Management,Staff Meetings,6
2024-11-17,Management,Report Preparation,3
2024-11-17,Management,Customer Feedback Review,5
2024-11-18,Front Desk,Check-ins,22
2024-11-18,Front Desk,Check-outs,17
2024-11-18,Front Desk,Phone Calls,23
2024-11-18,Front Desk,Guest Inquiries,16
2024-11-18,Front Desk,Complaints,13
2024-11-18,Housekeeping,Room Cleaning,8
2024-11-18,Housekeeping,Linen Change,5
2024-11-18,Housekeeping,Supply Restock,8
2024-11-18,Housekeeping,Maintenance Report,10
2024-11-18,Food & Beverage,Room Service Orders,4
2024-11-18,Food & Beverage,Buffet Service,9
2024-11-18,Food & Beverage,Table Service,14
2024-11-18,Food & Beverage,Inventory Check,5
2024-11-18,Maintenance,Fix Requests,6
2024-11-18,Maintenance,Safety Checks,14
2024-11-18,Maintenance,Equipment Maintenance,10
2024-11-18,Management,Staff Meetings,15
2024-11-18,Management,Report Preparation,23
2024-11-18,Management,Customer Feedback Review,8
2024-11-19,Front Desk,Check-ins,5
2024-11-19,Front Desk,Check-outs,6
2024-11-19,Front Desk,Phone Calls,5
2024-11-19,Front Desk,Guest Inquiries,17
2024-11-19,Front Desk,Complaints,10
2024-11-19,Housekeeping,Room Cleaning,16
2024-11-19,Housekeeping,Linen Change,24
2024-11-19,Housekeeping,Supply Restock,9
2024-11-19,Housekeeping,Maintenance Report,10
2024-11-19,Food & Beverage,Room Service Orders,6
2024-11-19,Food & Beverage,Buffet Service,10
2024-11-19,Food & Beverage,Table Service,12
2024-11-19,Food & Beverage,Inventory Check,6
2024-11-19,Maintenance,Fix Requests,7
2024-11-19,Maintenance,Safety Checks,16
2024-11-19,Maintenance,Equipment Maintenance,11
2024-11-19,Management,Staff Meetings,5
2024-11-19,Management,Report Preparation,13
2024-11-19,Management,Customer Feedback Review,14
2024-11-20,Front Desk,Check-ins,5
2024-11-20,Front Desk,Check-outs,1
2024-11-20,Front Desk,Phone Calls,7
2024-11-20,Front Desk,Guest Inquiries,10
2024-11-20,Front Desk,Complaints,11
2024-11-20,Housekeeping,Room Cleaning,17
2024-11-20,Housekeeping,Linen Change,21
2024-11-20,Housekeeping,Supply Restock,9
2024-11-20,Housekeeping,Maintenance Report,9
2024-11-20,Food & Beverage,Room Service Orders,21
2024-11-20,Food & Beverage,Buffet Service,5
2024-11-20,Food & Beverage,Table Service,13
2024-11-20,Food & Beverage,Inventory Check,20
2024-11-20,Maintenance,Fix Requests,10
2024-11-20,Maintenance,Safety Checks,15
2024-11-20,Maintenance,Equipment Maintenance,17
2024-11-20,Management,Staff Meetings,5
2024-11-20,Management,Report Preparation,8
2024-11-20,Management,Customer Feedback Review,9
2024-11-21,Front Desk,Check-ins,14
2024-11-21,Front Desk,Check-outs,13
2024-11-21,Front Desk,Phone Calls,8
2024-11-21,Front Desk,Guest Inquiries,16
2024-11-21,Front Desk,Complaints,1
2024-11-21,Housekeeping,Room Cleaning,8
2024-11-21,Housekeeping,Linen Change,15
2024-11-21,Housekeeping,Supply Restock,6
2024-11-21,Housekeeping,Maintenance Report,17
2024-11-21,Food & Beverage,Room Service Orders,2
2024-11-21,Food & Beverage,Buffet Service,15
2024-11-21,Food & Beverage,Table Service,5
2024-11-21,Food & Beverage,Inventory Check,13
2024-11-21,Maintenance,Fix Requests,19
2024-11-21,Maintenance,Safety Checks,25
2024-11-21,Maintenance,Equipment Maintenance,16
2024-11-21,Management,Staff Meetings,11
2024-11-21,Management,Report Preparation,18
2024-11-21,Management,Customer Feedback Review,17
2024-11-22,Front Desk,Check-ins,17
2024-11-22,Front Desk,Check-outs,19
2024-11-22,Front Desk,Phone Calls,12
2024-11-22,Front Desk,Guest Inquiries,11
2024-11-22,Front Desk,Complaints,10
2024-11-22,Housekeeping,Room Cleaning,4
2024-11-22,Housekeeping,Linen Change,16
2024-11-22,Housekeeping,Supply Restock,6
2024-11-22,Housekeeping,Maintenance Report,7
2024-11-22,Food & Beverage,Room Service Orders,8
2024-11-22,Food & Beverage,Buffet Service,16
2024-11-22,Food & Beverage,Table Service,13
2024-11-22,Food & Beverage,Inventory Check,14
2024-11-22,Maintenance,Fix Requests,4
2024-11-22,Maintenance,Safety Checks,17
2024-11-22,Maintenance,Equipment Maintenance,10
2024-11-22,Management,Staff Meetings,3
2024-11-22,Management,Report Preparation,6
2024-11-22,Management,Customer Feedback Review,14
2024-11-23,Front Desk,Check-ins,10
2024-11-23,Front Desk,Check-outs,2
2024-11-23,Front Desk,Phone Calls,3
2024-11-23,Front Desk,Guest Inquiries,9
2024-11-23,Front Desk,Complaints,3
2024-11-23,Housekeeping,Room Cleaning,20
2024-11-23,Housekeeping,Linen Change,8
2024-11-23,Housekeeping,Supply Restock,5
2024-11-23,Housekeeping,Maintenance Report,13
2024-11-23,Food & Beverage,Room Service Orders,13
2024-11-23,Food & Beverage,Buffet Service,12
2024-11-23,Food & Beverage,Table Service,1
2024-11-23,Food & Beverage,Inventory Check,19
2024-11-23,Maintenance,Fix Requests,15
2024-11-23,Maintenance,Safety Checks,9
2024-11-23,Maintenance,Equipment Maintenance,12
2024-11-23,Management,Staff Meetings,23
2024-11-23,Management,Report Preparation,13
2024-11-23,Management,Customer Feedback Review,12
2024-11-24,Front Desk,Check-ins,6
2024-11-24,Front Desk,Check-outs,14
2024-11-24,Front Desk,Phone Calls,16
2024-11-24,Front Desk,Guest Inquiries,13
2024-11-24,Front Desk,Complaints,3
2024-11-24,Housekeeping,Room Cleaning,20
2024-11-24,Housekeeping,Linen Change,17
2024-11-24,Housekeeping,Supply Restock,13
2024-11-24,Housekeeping,Maintenance Report,18
2024-11-24,Food & Beverage,Room Service Orders,10
2024-11-24,Food & Beverage,Buffet Service,11
2024-11-24,Food & Beverage,Table Service,20
2024-11-24,Food & Beverage,Inventory Check,16
2024-11-24,Maintenance,Fix Requests,13
2024-11-24,Maintenance,Safety Checks,13
2024-11-24,Maintenance,Equipment Maintenance,7
2024-11-24,Management,Staff Meetings,13
2024-11-24,Management,Report Preparation,5
2024-11-24,Management,Customer Feedback Review,18
2024-11-25,Front Desk,Check-ins,16
2024-11-25,Front Desk,Check-outs,20
2024-11-25,Front Desk,Phone Calls,19
2024-11-25,Front Desk,Guest Inquiries,1
2024-11-25,Front Desk,Complaints,9
2024-11-25,Housekeeping,Room Cleaning,16
2024-11-25,Housekeeping,Linen Change,1
2024-11-25,Housekeeping,Supply Restock,20
2024-11-25,Housekeeping,Maintenance Report,1
2024-11-25,Food & Beverage,Room Service Orders,12
2024-11-25,Food & Beverage,Buffet Service,19
2024-11-25,Food & Beverage,Table Service,9
2024-11-25,Food & Beverage,Inventory Check,21
2024-11-25,Maintenance,Fix Requests,18
2024-11-25,Maintenance,Safety Checks,14
2024-11-25,Maintenance,Equipment Maintenance,11
2024-11-25,Management,Staff Meetings,13
2024-11-25,Management,Report Preparation,22
2024-11-25,Management,Customer Feedback Review,5
2024-11-26,Front Desk,Check-ins,7
2024-11-26,Front Desk,Check-outs,0
2024-11-26,Front Desk,Phone Calls,12
2024-11-26,Front Desk,Guest Inquiries,11
2024-11-26,Front Desk,Complaints,3
2024-11-26,Housekeeping,Room Cleaning,19
2024-11-26,Housekeeping,Linen Change,16
2024-11-26,Housekeeping,Supply Restock,19
2024-11-26,Housekeeping,Maintenance Report,14
2024-11-26,Food & Beverage,Room Service Orders,4
2024-11-26,Food & Beverage,Buffet Service,5
2024-11-26,Food & Beverage,Table Service,3
2024-11-26,Food & Beverage,Inventory Check,3
2024-11-26,Maintenance,Fix Requests,17
2024-11-26,Maintenance,Safety Checks,6
2024-11-26,Maintenance,Equipment Maintenance,10
2024-11-26,Management,Staff Meetings,0
2024-11-26,Management,Report Preparation,6
2024-11-26,Management,Customer Feedback Review,5
2024-11-27,Front Desk,Check-ins,15
2024-11-27,Front Desk,Check-outs,18
2024-11-27,Front Desk,Phone Calls,13
2024-11-27,Front Desk,Guest Inquiries,6
2024-11-27,Front Desk,Complaints,2
2024-11-27,Housekeeping,Room Cleaning,14
2024-11-27,Housekeeping,Linen Change,2
2024-11-27,Housekeeping,Supply Restock,9
2024-11-27,Housekeeping,Maintenance Report,5
2024-11-27,Food & Beverage,Room Service Orders,11
2024-11-27,Food & Beverage,Buffet Service,18
2024-11-27,Food & Beverage,Table Service,10
2024-11-27,Food & Beverage,Inventory Check,11
2024-11-27,Maintenance,Fix Requests,16
2024-11-27,Maintenance,Safety Checks,6
2024-11-27,Maintenance,Equipment Maintenance,16
2024-11-27,Management,Staff Meetings,11
2024-11-27,Management,Report Preparation,5
2024-11-27,Management,Customer Feedback Review,11
2024-11-28,Front Desk,Check-ins,2
2024-11-28,Front Desk,Check-outs,17
2024-11-28,Front Desk,Phone Calls,13
2024-11-28,Front Desk,Guest Inquiries,9
2024-11-28,Front Desk,Complaints,7
2024-11-28,Housekeeping,Room Cleaning,4
2024-11-28,Housekeeping,Linen Change,19
2024-11-28,Housekeeping,Supply Restock,3
2024-11-28,Housekeeping,Maintenance Report,4
2024-11-28,Food & Beverage,Room Service Orders,12
2024-11-28,Food & Beverage,Buffet Service,7
2024-11-28,Food & Beverage,Table Service,12
2024-11-28,Food & Beverage,Inventory Check,16
2024-11-28,Maintenance,Fix Requests,5
2024-11-28,Maintenance,Safety Checks,18
2024-11-28,Maintenance,Equipment Maintenance,2
2024-11-28,Management,Staff Meetings,19
2024-11-28,Management,Report Preparation,14
2024-11-28,Management,Customer Feedback Review,5
2024-11-29,Front Desk,Check-ins,21
2024-11-29,Front Desk,Check-outs,4
2024-11-29,Front Desk,Phone Calls,17
2024-11-29,Front Desk,Guest Inquiries,18
2024-11-29,Front Desk,Complaints,3
2024-11-29,Housekeeping,Room Cleaning,15
2024-11-29,Housekeeping,Linen Change,8
2024-11-29,Housekeeping,Supply Restock,9
2024-11-29,Housekeeping,Maintenance Report,15
2024-11-29,Food & Beverage,Room Service Orders,14
2024-11-29,Food & Beverage,Buffet Service,22
2024-11-29,Food & Beverage,Table Service,6
2024-11-29,Food & Beverage,Inventory Check,8
2024-11-29,Maintenance,Fix Requests,5
2024-11-29,Maintenance,Safety Checks,11
2024-11-29,Maintenance,Equipment Maintenance,3
2024-11-29,Management,Staff Meetings,12
2024-11-29,Management,Report Preparation,3
2024-11-29,Management,Customer Feedback Review,11
2024-11-30,Front Desk,Check-ins,5
2024-11-30,Front Desk,Check-outs,10
2024-11-30,Front Desk,Phone Calls,17
2024-11-30,Front Desk,Guest Inquiries,15
2024-11-30,Front Desk,Complaints,13
2024-11-30,Housekeeping,Room Cleaning,4
2024-11-30,Housekeeping,Linen Change,9
2024-11-30,Housekeeping,Supply Restock,15
2024-11-30,Housekeeping,Maintenance Report,3
2024-11-30,Food & Beverage,Room Service Orders,8
2024-11-30,Food & Beverage,Buffet Service,1
2024-11-30,Food & Beverage,Table Service,4
2024-11-30,Food & Beverage,Inventory Check,17
2024-11-30,Maintenance,Fix Requests,17
2024-11-30,Maintenance,Safety Checks,12
2024-11-30,Maintenance,Equipment Maintenance,9
2024-11-30,Management,Staff Meetings,15
2024-11-30,Management,Report Preparation,20
2024-11-30,Management,Customer Feedback Review,10
2024-12-01,Front Desk,Check-ins,9
2024-12-01,Front Desk,Check-outs,17
2024-12-01,Front Desk,Phone Calls,17
2024-12-01,Front Desk,Guest Inquiries,3
2024-12-01,Front Desk,Complaints,5
2024-12-01,Housekeeping,Room Cleaning,4
2024-12-01,Housekeeping,Linen Change,19
2024-12-01,Housekeeping,Supply Restock,21
2024-12-01,Housekeeping,Maintenance Report,4
2024-12-01,Food & Beverage,Room Service Orders,10
2024-12-01,Food & Beverage,Buffet Service,16
2024-12-01,Food & Beverage,Table Service,12
2024-12-01,Food & Beverage,Inventory Check,14
2024-12-01,Maintenance,Fix Requests,13
2024-12-01,Maintenance,Safety Checks,11
2024-12-01,Maintenance,Equipment Maintenance,11
2024-12-01,Management,Staff Meetings,29
2024-12-01,Management,Report Preparation,2
2024-12-01,Management,Customer Feedback Review,9
2024-12-02,Front Desk,Check-ins,19
2024-12-02,Front Desk,Check-outs,4
2024-12-02,Front Desk,Phone Calls,23
2024-12-02,Front Desk,Guest Inquiries,1
2024-12-02,Front Desk,Complaints,17
2024-12-02,Housekeeping,Room Cleaning,10
2024-12-02,Housekeeping,Linen Change,5
2024-12-02,Housekeeping,Supply Restock,0
2024-12-02,Housekeeping,Maintenance Report,3
2024-12-02,Food & Beverage,Room Service Orders,1
2024-12-02,Food & Beverage,Buffet Service,12
2024-12-02,Food & Beverage,Table Service,9
2024-12-02,Food & Beverage,Inventory Check,7
2024-12-02,Maintenance,Fix Requests,7
2024-12-02,Maintenance,Safety Checks,8
2024-12-02,Maintenance,Equipment Maintenance,7
2024-12-02,Management,Staff Meetings,14
2024-12-02,Management,Report Preparation,18
2024-12-02,Management,Customer Feedback Review,13
2024-12-03,Front Desk,Check-ins,7
2024-12-03,Front Desk,Check-outs,13
2024-12-03,Front Desk,Phone Calls,7
2024-12-03,Front Desk,Guest Inquiries,11
2024-12-03,Front Desk,Complaints,13
2024-12-03,Housekeeping,Room Cleaning,7
2024-12-03,Housekeeping,Linen Change,19
2024-12-03,Housekeeping,Supply Restock,11
2024-12-03,Housekeeping,Maintenance Report,7
2024-12-03,Food & Beverage,Room Service Orders,13
2024-12-03,Food & Beverage,Buffet Service,3
2024-12-03,Food & Beverage,Table Service,18
2024-12-03,Food & Beverage,Inventory Check,6
2024-12-03,Maintenance,Fix Requests,2
2024-12-03,Maintenance,Safety Checks,20
2024-12-03,Maintenance,Equipment Maintenance,19
2024-12-03,Management,Staff Meetings,20
2024-12-03,Management,Report Preparation,1
2024-12-03,Management,Customer Feedback Review,8
2024-12-04,Front Desk,Check-ins,4
2024-12-04,Front Desk,Check-outs,13
2024-12-04,Front Desk,Phone Calls,2
2024-12-04,Front Desk,Guest Inquiries,3
2024-12-04,Front Desk,Complaints,7
2024-12-04,Housekeeping,Room Cleaning,8
2024-12-04,Housekeeping,Linen Change,4
2024-12-04,Housekeeping,Supply Restock,21
2024-12-04,Housekeeping,Maintenance Report,2
2024-12-04,Food & Beverage,Room Service Orders,13
2024-12-04,Food & Beverage,Buffet Service,15
2024-12-04,Food & Beverage,Table Service,11
2024-12-04,Food & Beverage,Inventory Check,6
2024-12-04,Maintenance,Fix Requests,5
2024-12-04,Maintenance,Safety Checks,13
2024-12-04,Maintenance,Equipment Maintenance,13
2024-12-04,Management,Staff Meetings,20
2024-12-04,Management,Report Preparation,11
2024-12-04,Management,Customer Feedback Review,4
2024-12-05,Front Desk,Check-ins,22
2024-12-05,Front Desk,Check-outs,3
2024-12-05,Front Desk,Phone Calls,9
2024-12-05,Front Desk,Guest Inquiries,16
2024-12-05,Front Desk,Complaints,0
2024-12-05,Housekeeping,Room Cleaning,10
2024-12-05,Housekeeping,Linen Change,14
2024-12-05,Housekeeping,Supply Restock,21
2024-12-05,Housekeeping,Maintenance Report,15
2024-12-05,Food & Beverage,Room Service Orders,10
2024-12-05,Food & Beverage,Buffet Service,6
2024-12-05,Food & Beverage,Table Service,14
2024-12-05,Food & Beverage,Inventory Check,9
2024-12-05,Maintenance,Fix Requests,12
2024-12-05,Maintenance,Safety Checks,10
2024-12-05,Maintenance,Equipment Maintenance,14
2024-12-05,Management,Staff Meetings,7
2024-12-05,Management,Report Preparation,19
2024-12-05,Management,Customer Feedback Review,19
2024-12-06,Front Desk,Check-ins,15
2024-12-06,Front Desk,Check-outs,13
2024-12-06,Front Desk,Phone Calls,10
2024-12-06,Front Desk,Guest Inquiries,11
2024-12-06,Front Desk,Complaints,17
2024-12-06,Housekeeping,Room Cleaning,3
2024-12-06,Housekeeping,Linen Change,18
2024-12-06,Housekeeping,Supply Restock,5
2024-12-06,Housekeeping,Maintenance Report,9
2024-12-06,Food & Beverage,Room Service Orders,12
2024-12-06,Food & Beverage,Buffet Service,16
2024-12-06,Food & Beverage,Table Service,1
2024-12-06,Food & Beverage,Inventory Check,7
2024-12-06,Maintenance,Fix Requests,15
2024-12-06,Maintenance,Safety Checks,15
2024-12-06,Maintenance,Equipment Maintenance,18
2024-12-06,Management,Staff Meetings,4
2024-12-06,Management,Report Preparation,2
2024-12-06,Management,Customer Feedback Review,17
2024-12-07,Front Desk,Check-ins,8
2024-12-07,Front Desk,Check-outs,18
2024-12-07,Front Desk,Phone Calls,19
2024-12-07,Front Desk,Guest Inquiries,6
2024-12-07,Front Desk,Complaints,7
2024-12-07,Housekeeping,Room Cleaning,3
2024-12-07,Housekeeping,Linen Change,5
2024-12-07,Housekeeping,Supply Restock,18
2024-12-07,Housekeeping,Maintenance Report,10
2024-12-07,Food & Beverage,Room Service Orders,15
2024-12-07,Food & Beverage,Buffet Service,8
2024-12-07,Food & Beverage,Table Service,22
2024-12-07,Food & Beverage,Inventory Check,15
2024-12-07,Maintenance,Fix Requests,14
2024-12-07,Maintenance,Safety Checks,14
2024-12-07,Maintenance,Equipment Maintenance,5
2024-12-07,Management,Staff Meetings,21
2024-12-07,Management,Report Preparation,1
2024-12-07,Management,Customer Feedback Review,17
2024-12-08,Front Desk,Check-ins,3
2024-12-08,Front Desk,Check-outs,7
2024-12-08,Front Desk,Phone Calls,19
2024-12-08,Front Desk,Guest Inquiries,25
2024-12-08,Front Desk,Complaints,6
2024-12-08,Housekeeping,Room Cleaning,13
2024-12-08,Housekeeping,Linen Change,7
2024-12-08,Housekeeping,Supply Restock,9
2024-12-08,Housekeeping,Maintenance Report,6
2024-12-08,Food & Beverage,Room Service Orders,20
2024-12-08,Food & Beverage,Buffet Service,3
2024-12-08,Food & Beverage,Table Service,8
2024-12-08,Food & Beverage,Inventory Check,7
2024-12-08,Maintenance,Fix Requests,2
2024-12-08,Maintenance,Safety Checks,9
2024-12-08,Maintenance,Equipment Maintenance,4
2024-12-08,Management,Staff Meetings,9
2024-12-08,Management,Report Preparation,10
2024-12-08,Management,Customer Feedback Review,17
2024-12-09,Front Desk,Check-ins,13
2024-12-09,Front Desk,Check-outs,8
2024-12-09,Front Desk,Phone Calls,14
2024-12-09,Front Desk,Guest Inquiries,4
2024-12-09,Front Desk,Complaints,20
2024-12-09,Housekeeping,Room Cleaning,10
2024-12-09,Housekeeping,Linen Change,13
2024-12-09,Housekeeping,Supply Restock,14
2024-12-09,Housekeeping,Maintenance Report,5
2024-12-09,Food & Beverage,Room Service Orders,17
2024-12-09,Food & Beverage,Buffet Service,1
2024-12-09,Food & Beverage,Table Service,13
2024-12-09,Food & Beverage,Inventory Check,24
2024-12-09,Maintenance,Fix Requests,13
2024-12-09,Maintenance,Safety Checks,2
2024-12-09,Maintenance,Equipment Maintenance,13
2024-12-09,Management,Staff Meetings,24
2024-12-09,Management,Report Preparation,7
2024-12-09,Management,Customer Feedback Review,20
2024-12-10,Front Desk,Check-ins,13
2024-12-10,Front Desk,Check-outs,7
2024-12-10,Front Desk,Phone Calls,11
2024-12-10,Front Desk,Guest Inquiries,4
2024-12-10,Front Desk,Complaints,2
2024-12-10,Housekeeping,Room Cleaning,18
2024-12-10,Housekeeping,Linen Change,3
2024-12-10,Housekeeping,Supply Restock,3
2024-12-10,Housekeeping,Maintenance Report,9
2024-12-10,Food & Beverage,Room Service Orders,3
2024-12-10,Food & Beverage,Buffet Service,1
2024-12-10,Food & Beverage,Table Service,11
2024-12-10,Food & Beverage,Inventory Check,10
2024-12-10,Maintenance,Fix Requests,21
2024-12-10,Maintenance,Safety Checks,3
2024-12-10,Maintenance,Equipment Maintenance,16
2024-12-10,Management,Staff Meetings,27
2024-12-10,Management,Report Preparation,4
2024-12-10,Management,Customer Feedback Review,21
2024-12-11,Front Desk,Check-ins,8
2024-12-11,Front Desk,Check-outs,14
2024-12-11,Front Desk,Phone Calls,26
2024-12-11,Front Desk,Guest Inquiries,3
2024-12-11,Front Desk,Complaints,15
2024-12-11,Housekeeping,Room Cleaning,19
2024-12-11,Housekeeping,Linen Change,5
2024-12-11,Housekeeping,Supply Restock,18
2024-12-11,Housekeeping,Maintenance Report,4
2024-12-11,Food & Beverage,Room Service Orders,20
2024-12-11,Food & Beverage,Buffet Service,6
2024-12-11,Food & Beverage,Table Service,9
2024-12-11,Food & Beverage,Inventory Check,10
2024-12-11,Maintenance,Fix Requests,9
2024-12-11,Maintenance,Safety Checks,12
2024-12-11,Maintenance,Equipment Maintenance,6
2024-12-11,Management,Staff Meetings,19
2024-12-11,Management,Report Preparation,7
2024-12-11,Management,Customer Feedback Review,8
2024-12-12,Front Desk,Check-ins,1
2024-12-12,Front Desk,Check-outs,15
2024-12-12,Front Desk,Phone Calls,22
2024-12-12,Front Desk,Guest Inquiries,16
2024-12-12,Front Desk,Complaints,10
2024-12-12,Housekeeping,Room Cleaning,21
2024-12-12,Housekeeping,Linen Change,8
2024-12-12,Housekeeping,Supply Restock,4
2024-12-12,Housekeeping,Maintenance Report,7
2024-12-12,Food & Beverage,Room Service Orders,4
2024-12-12,Food & Beverage,Buffet Service,16
2024-12-12,Food & Beverage,Table Service,18
2024-12-12,Food & Beverage,Inventory Check,7
2024-12-12,Maintenance,Fix Requests,19
2024-12-12,Maintenance,Safety Checks,10
2024-12-12,Maintenance,Equipment Maintenance,3
2024-12-12,Management,Staff Meetings,7
2024-12-12,Management,Report Preparation,14
2024-12-12,Management,Customer Feedback Review,14
2024-12-13,Front Desk,Check-ins,17
2024-12-13,Front Desk,Check-outs,13
2024-12-13,Front Desk,Phone Calls,15
2024-12-13,Front Desk,Guest Inquiries,7
2024-12-13,Front Desk,Complaints,4
2024-12-13,Housekeeping,Room Cleaning,1
2024-12-13,Housekeeping,Linen Change,13
2024-12-13,Housekeeping,Supply Restock,4
2024-12-13,Housekeeping,Maintenance Report,10
2024-12-13,Food & Beverage,Room Service Orders,11
2024-12-13,Food & Beverage,Buffet Service,16
2024-12-13,Food & Beverage,Table Service,5
2024-12-13,Food & Beverage,Inventory Check,10
2024-12-13,Maintenance,Fix Requests,12
2024-12-13,Maintenance,Safety Checks,8
2024-12-13,Maintenance,Equipment Maintenance,6
2024-12-13,Management,Staff Meetings,9
2024-12-13,Management,Report Preparation,8
2024-12-13,Management,Customer Feedback Review,9
2024-12-14,Front Desk,Check-ins,15
2024-12-14,Front Desk,Check-outs,17
2024-12-14,Front Desk,Phone Calls,13
2024-12-14,Front Desk,Guest Inquiries,13
2024-12-14,Front Desk,Complaints,13
2024-12-14,Housekeeping,Room Cleaning,17
2024-12-14,Housekeeping,Linen Change,5
2024-12-14,Housekeeping,Supply Restock,12
2024-12-14,Housekeeping,Maintenance Report,12
2024-12-14,Food & Beverage,Room Service Orders,6
2024-12-14,Food & Beverage,Buffet Service,9
2024-12-14,Food & Beverage,Table Service,7
2024-12-14,Food & Beverage,Inventory Check,15
2024-12-14,Maintenance,Fix Requests,8
2024-12-14,Maintenance,Safety Checks,12
2024-12-14,Maintenance,Equipment Maintenance,8
2024-12-14,Management,Staff Meetings,5
2024-12-14,Management,Report Preparation,16
2024-12-14,Management,Customer Feedback Review,5
2024-12-15,Front Desk,Check-ins,15
2024-12-15,Front Desk,Check-outs,10
2024-12-15,Front Desk,Phone Calls,22
2024-12-15,Front Desk,Guest Inquiries,11
2024-12-15,Front Desk,Complaints,18
2024-12-15,Housekeeping,Room Cleaning,7
2024-12-15,Housekeeping,Linen Change,2
2024-12-15,Housekeeping,Supply Restock,3
2024-12-15,Housekeeping,Maintenance Report,17
2024-12-15,Food & Beverage,Room Service Orders,3
2024-12-15,Food & Beverage,Buffet Service,8
2024-12-15,Food & Beverage,Table Service,11
2024-12-15,Food & Beverage,Inventory Check,15
2024-12-15,Maintenance,Fix Requests,13
2024-12-15,Maintenance,Safety Checks,6
2024-12-15,Maintenance,Equipment Maintenance,5
2024-12-15,Management,Staff Meetings,14
2024-12-15,Management,Report Preparation,17
2024-12-15,Management,Customer Feedback Review,2
2024-12-16,Front Desk,Check-ins,4
2024-12-16,Front Desk,Check-outs,15
2024-12-16,Front Desk,Phone Calls,2
2024-12-16,Front Desk,Guest Inquiries,6
2024-12-16,Front Desk,Complaints,6
2024-12-16,Housekeeping,Room Cleaning,6
2024-12-16,Housekeeping,Linen Change,1
2024-12-16,Housekeeping,Supply Restock,17
2024-12-16,Housekeeping,Maintenance Report,16
2024-12-16,Food & Beverage,Room Service Orders,14
2024-12-16,Food & Beverage,Buffet Service,9
2024-12-16,Food & Beverage,Table Service,9
2024-12-16,Food & Beverage,Inventory Check,14
2024-12-16,Maintenance,Fix Requests,17
2024-12-16,Maintenance,Safety Checks,9
2024-12-16,Maintenance,Equipment Maintenance,13
2024-12-16,Management,Staff Meetings,13
2024-12-16,Management,Report Preparation,8
2024-12-16,Management,Customer Feedback Review,20
2024-12-17,Front Desk,Check-ins,12
2024-12-17,Front Desk,Check-outs,19
2024-12-17,Front Desk,Phone Calls,12
2024-12-17,Front Desk,Guest Inquiries,8
2024-12-17,Front Desk,Complaints,12
2024-12-17,Housekeeping,Room Cleaning,21
2024-12-17,Housekeeping,Linen Change,9
2024-12-17,Housekeeping,Supply Restock,15
2024-12-17,Housekeeping,Maintenance Report,11
2024-12-17,Food & Beverage,Room Service Orders,4
2024-12-17,Food & Beverage,Buffet Service,5
2024-12-17,Food & Beverage,Table Service,19
2024-12-17,Food & Beverage,Inventory Check,15
2024-12-17,Maintenance,Fix Requests,22
2024-12-17,Maintenance,Safety Checks,8
2024-12-17,Maintenance,Equipment Maintenance,12
2024-12-17,Management,Staff Meetings,8
2024-12-17,Management,Report Preparation,4
2024-12-17,Management,Customer Feedback Review,17
2024-12-18,Front Desk,Check-ins,15
2024-12-18,Front Desk,Check-outs,13
2024-12-18,Front Desk,Phone Calls,4
2024-12-18,Front Desk,Guest Inquiries,15
2024-12-18,Front Desk,Complaints,11
2024-12-18,Housekeeping,Room Cleaning,8
2024-12-18,Housekeeping,Linen Change,4
2024-12-18,Housekeeping,Supply Restock,8
2024-12-18,Housekeeping,Maintenance Report,15
2024-12-18,Food & Beverage,Room Service Orders,13
2024-12-18,Food & Beverage,Buffet Service,19
2024-12-18,Food & Beverage,Table Service,10
2024-12-18,Food & Beverage,Inventory Check,13
2024-12-18,Maintenance,Fix Requests,7
2024-12-18,Maintenance,Safety Checks,2
2024-12-18,Maintenance,Equipment Maintenance,8
2024-12-18,Management,Staff Meetings,17
2024-12-18,Management,Report Preparation,5
2024-12-18,Management,Customer Feedback Review,15
2024-12-19,Front Desk,Check-ins,8
2024-12-19,Front Desk,Check-outs,2
2024-12-19,Front Desk,Phone Calls,10
2024-12-19,Front Desk,Guest Inquiries,13
2024-12-19,Front Desk,Complaints,7
2024-12-19,Housekeeping,Room Cleaning,10
2024-12-19,Housekeeping,Linen Change,15
2024-12-19,Housekeeping,Supply Restock,12
2024-12-19,Housekeeping,Maintenance Report,9
2024-12-19,Food & Beverage,Room Service Orders,18
2024-12-19,Food & Beverage,Buffet Service,12
2024-12-19,Food & Beverage,Table Service,9
2024-12-19,Food & Beverage,Inventory Check,9
2024-12-19,Maintenance,Fix Requests,6
2024-12-19,Maintenance,Safety Checks,12
2024-12-19,Maintenance,Equipment Maintenance,15
2024-12-19,Management,Staff Meetings,4
2024-12-19,Management,Report Preparation,1
2024-12-19,Management,Customer Feedback Review,8
2024-12-20,Front Desk,Check-ins,2
2024-12-20,Front Desk,Check-outs,9
2024-12-20,Front Desk,Phone Calls,8
2024-12-20,Front Desk,Guest Inquiries,4
2024-12-20,Front Desk,Complaints,6
2024-12-20,Housekeeping,Room Cleaning,17
2024-12-20,Housekeeping,Linen Change,25
2024-12-20,Housekeeping,Supply Restock,8
2024-12-20,Housekeeping,Maintenance Report,24
2024-12-20,Food & Beverage,Room Service Orders,18
2024-12-20,Food & Beverage,Buffet Service,13
2024-12-20,Food & Beverage,Table Service,11
2024-12-20,Food & Beverage,Inventory Check,13
2024-12-20,Maintenance,Fix Requests,10
2024-12-20,Maintenance,Safety Checks,13
2024-12-20,Maintenance,Equipment Maintenance,4
2024-12-20,Management,Staff Meetings,8
2024-12-20,Management,Report Preparation,19
2024-12-20,Management,Customer Feedback Review,9
2024-12-21,Front Desk,Check-ins,7
2024-12-21,Front Desk,Check-outs,19
2024-12-21,Front Desk,Phone Calls,12
2024-12-21,Front Desk,Guest Inquiries,8
2024-12-21,Front Desk,Complaints,7
2024-12-21,Housekeeping,Room Cleaning,2
2024-12-21,Housekeeping,Linen Change,5
2024-12-21,Housekeeping,Supply Restock,10
2024-12-21,Housekeeping,Maintenance Report,12
2024-12-21,Food & Beverage,Room Service Orders,3
2024-12-21,Food & Beverage,Buffet Service,1
2024-12-21,Food & Beverage,Table Service,3
2024-12-21,Food & Beverage,Inventory Check,15
2024-12-21,Maintenance,Fix Requests,11
2024-12-21,Maintenance,Safety Checks,12
2024-12-21,Maintenance,Equipment Maintenance,4
2024-12-21,Management,Staff Meetings,6
2024-12-21,Management,Report Preparation,12
2024-12-21,Management,Customer Feedback Review,15
2024-12-22,Front Desk,Check-ins,8
2024-12-22,Front Desk,Check-outs,6
2024-12-22,Front Desk,Phone Calls,15
2024-12-22,Front Desk,Guest Inquiries,16
2024-12-22,Front Desk,Complaints,13
2024-12-22,Housekeeping,Room Cleaning,6
2024-12-22,Housekeeping,Linen Change,16
2024-12-22,Housekeeping,Supply Restock,13
2024-12-22,Housekeeping,Maintenance Report,5
2024-12-22,Food & Beverage,Room Service Orders,6
2024-12-22,Food & Beverage,Buffet Service,7
2024-12-22,Food & Beverage,Table Service,4
2024-12-22,Food & Beverage,Inventory Check,11
2024-12-22,Maintenance,Fix Requests,11
2024-12-22,Maintenance,Safety Checks,12
2024-12-22,Maintenance,Equipment Maintenance,9
2024-12-22,Management,Staff Meetings,5
2024-12-22,Management,Report Preparation,20
2024-12-22,Management,Customer Feedback Review,1
2024-12-23,Front Desk,Check-ins,15
2024-12-23,Front Desk,Check-outs,17
2024-12-23,Front Desk,Phone Calls,11
2024-12-23,Front Desk,Guest Inquiries,14
2024-12-23,Front Desk,Complaints,12
2024-12-23,Housekeeping,Room Cleaning,4
2024-12-23,Housekeeping,Linen Change,13
2024-12-23,Housekeeping,Supply Restock,11
2024-12-23,Housekeeping,Maintenance Report,16
2024-12-23,Food & Beverage,Room Service Orders,12
2024-12-23,Food & Beverage,Buffet Service,17
2024-12-23,Food & Beverage,Table Service,8
2024-12-23,Food & Beverage,Inventory Check,6
2024-12-23,Maintenance,Fix Requests,8
2024-12-23,Maintenance,Safety Checks,7
2024-12-23,Maintenance,Equipment Maintenance,17
2024-12-23,Management,Staff Meetings,0
2024-12-23,Management,Report Preparation,14
2024-12-23,Management,Customer Feedback Review,11
2024-12-24,Front Desk,Check-ins,13
2024-12-24,Front Desk,Check-outs,17
2024-12-24,Front Desk,Phone Calls,2
2024-12-24,Front Desk,Guest Inquiries,16
2024-12-24,Front Desk,Complaints,9
2024-12-24,Housekeeping,Room Cleaning,19
2024-12-24,Housekeeping,Linen Change,4
2024-12-24,Housekeeping,Supply Restock,6
2024-12-24,Housekeeping,Maintenance Report,6
2024-12-24,Food & Beverage,Room Service Orders,5
2024-12-24,Food & Beverage,Buffet Service,1
2024-12-24,Food & Beverage,Table Service,16
2024-12-24,Food & Beverage,Inventory Check,7
2024-12-24,Maintenance,Fix Requests,13
2024-12-24,Maintenance,Safety Checks,4
2024-12-24,Maintenance,Equipment Maintenance,20
2024-12-24,Management,Staff Meetings,7
2024-12-24,Management,Report Preparation,14
2024-12-24,Management,Customer Feedback Review,13
2024-12-25,Front Desk,Check-ins,1
2024-12-25,Front Desk,Check-outs,18
2024-12-25,Front Desk,Phone Calls,17
2024-12-25,Front Desk,Guest Inquiries,11
2024-12-25,Front Desk,Complaints,4
2024-12-25,Housekeeping,Room Cleaning,20
2024-12-25,Housekeeping,Linen Change,0
2024-12-25,Housekeeping,Supply Restock,13
2024-12-25,Housekeeping,Maintenance Report,15
2024-12-25,Food & Beverage,Room Service Orders,16
2024-12-25,Food & Beverage,Buffet Service,5
2024-12-25,Food & Beverage,Table Service,5
2024-12-25,Food & Beverage,Inventory Check,11
2024-12-25,Maintenance,Fix Requests,23
2024-12-25,Maintenance,Safety Checks,18
2024-12-25,Maintenance,Equipment Maintenance,1
2024-12-25,Management,Staff Meetings,4
2024-12-25,Management,Report Preparation,10
2024-12-25,Management,Customer Feedback Review,17
2024-12-26,Front Desk,Check-ins,9
2024-12-26,Front Desk,Check-outs,19
2024-12-26,Front Desk,Phone Calls,25
2024-12-26,Front Desk,Guest Inquiries,13
2024-12-26,Front Desk,Complaints,11
2024-12-26,Housekeeping,Room Cleaning,8
2024-12-26,Housekeeping,Linen Change,11
2024-12-26,Housekeeping,Supply Restock,5
2024-12-26,Housekeeping,Maintenance Report,9
2024-12-26,Food & Beverage,Room Service Orders,8
2024-12-26,Food & Beverage,Buffet Service,14
2024-12-26,Food & Beverage,Table Service,10
2024-12-26,Food & Beverage,Inventory Check,7
2024-12-26,Maintenance,Fix Requests,14
2024-12-26,Maintenance,Safety Checks,15
2024-12-26,Maintenance,Equipment Maintenance,1
2024-12-26,Management,Staff Meetings,14
2024-12-26,Management,Report Preparation,6
2024-12-26,Management,Customer Feedback Review,4
2024-12-27,Front Desk,Check-ins,13
2024-12-27,Front Desk,Check-outs,21
2024-12-27,Front Desk,Phone Calls,7
2024-12-27,Front Desk,Guest Inquiries,23
2024-12-27,Front Desk,Complaints,15
2024-12-27,Housekeeping,Room Cleaning,12
2024-12-27,Housekeeping,Linen Change,26
2024-12-27,Housekeeping,Supply Restock,4
2024-12-27,Housekeeping,Maintenance Report,8
2024-12-27,Food & Beverage,Room Service Orders,12
2024-12-27,Food & Beverage,Buffet Service,15
2024-12-27,Food & Beverage,Table Service,11
2024-12-27,Food & Beverage,Inventory Check,13
2024-12-27,Maintenance,Fix Requests,15
2024-12-27,Maintenance,Safety Checks,3
2024-12-27,Maintenance,Equipment Maintenance,10
2024-12-27,Management,Staff Meetings,21
2024-12-27,Management,Report Preparation,8
2024-12-27,Management,Customer Feedback Review,17
2024-12-28,Front Desk,Check-ins,9
2024-12-28,Front Desk,Check-outs,12
2024-12-28,Front Desk,Phone Calls,5
2024-12-28,Front Desk,Guest Inquiries,15
2024-12-28,Front Desk,Complaints,3
2024-12-28,Housekeeping,Room Cleaning,21
2024-12-28,Housekeeping,Linen Change,11
2024-12-28,Housekeeping,Supply Restock,8
2024-12-28,Housekeeping,Maintenance Report,7
2024-12-28,Food & Beverage,Room Service Orders,17
2024-12-28,Food & Beverage,Buffet Service,6
2024-12-28,Food & Beverage,Table Service,21
2024-12-28,Food & Beverage,Inventory Check,4
2024-12-28,Maintenance,Fix Requests,3
2024-12-28,Maintenance,Safety Checks,4
2024-12-28,Maintenance,Equipment Maintenance,2
2024-12-28,Management,Staff Meetings,10
2024-12-28,Management,Report Preparation,5
2024-12-28,Management,Customer Feedback Review,7
2024-12-29,Front Desk,Check-ins,10
2024-12-29,Front Desk,Check-outs,5
2024-12-29,Front Desk,Phone Calls,18
2024-12-29,Front Desk,Guest Inquiries,16
2024-12-29,Front Desk,Complaints,5
2024-12-29,Housekeeping,Room Cleaning,7
2024-12-29,Housekeeping,Linen Change,10
2024-12-29,Housekeeping,Supply Restock,22
2024-12-29,Housekeeping,Maintenance Report,11
2024-12-29,Food & Beverage,Room Service Orders,14
2024-12-29,Food & Beverage,Buffet Service,5
2024-12-29,Food & Beverage,Table Service,20
2024-12-29,Food & Beverage,Inventory Check,6
2024-12-29,Maintenance,Fix Requests,20
2024-12-29,Maintenance,Safety Checks,1
2024-12-29,Maintenance,Equipment Maintenance,3
2024-12-29,Management,Staff Meetings,3
2024-12-29,Management,Report Preparation,24
2024-12-29,Management,Customer Feedback Review,14
2024-12-30,Front Desk,Check-ins,4
2024-12-30,Front Desk,Check-outs,5
2024-12-30,Front Desk,Phone Calls,10
2024-12-30,Front Desk,Guest Inquiries,5
2024-12-30,Front Desk,Complaints,15
2024-12-30,Housekeeping,Room Cleaning,12
2024-12-30,Housekeeping,Linen Change,21
2024-12-30,Housekeeping,Supply Restock,18
2024-12-30,Housekeeping,Maintenance Report,19
2024-12-30,Food & Beverage,Room Service Orders,12
2024-12-30,Food & Beverage,Buffet Service,4
2024-12-30,Food & Beverage,Table Service,2
2024-12-30,Food & Beverage,Inventory Check,15
2024-12-30,Maintenance,Fix Requests,7
2024-12-30,Maintenance,Safety Checks,6
2024-12-30,Maintenance,Equipment Maintenance,27
2024-12-30,Management,Staff Meetings,17
2024-12-30,Management,Report Preparation,9
2024-12-30,Management,Customer Feedback Review,10
2024-12-31,Front Desk,Check-ins,18
2024-12-31,Front Desk,Check-outs,17
2024-12-31,Front Desk,Phone Calls,5
2024-12-31,Front Desk,Guest Inquiries,5
2024-12-31,Front Desk,Complaints,8
2024-12-31,Housekeeping,Room Cleaning,13
2024-12-31,Housekeeping,Linen Change,10
2024-12-31,Housekeeping,Supply Restock,13
2024-12-31,Housekeeping,Maintenance Report,0
2024-12-31,Food & Beverage,Room Service Orders,21
2024-12-31,Food & Beverage,Buffet Service,21
2024-12-31,Food & Beverage,Table Service,22
2024-12-31,Food & Beverage,Inventory Check,17
2024-12-31,Maintenance,Fix Requests,13
2024-12-31,Maintenance,Safety Checks,6
2024-12-31,Maintenance,Equipment Maintenance,15
2024-12-31,Management,Staff Meetings,14
2024-12-31,Management,Report Preparation,10
2024-12-31,Management,Customer Feedback Review,2
2025-01-01,Front Desk,Check-ins,10
2025-01-01,Front Desk,Check-outs,4
2025-01-01,Front Desk,Phone Calls,11
2025-01-01,Front Desk,Guest Inquiries,14
2025-01-01,Front Desk,Complaints,14
2025-01-01,Housekeeping,Room Cleaning,2
2025-01-01,Housekeeping,Linen Change,14
2025-01-01,Housekeeping,Supply Restock,3
2025-01-01,Housekeeping,Maintenance Report,2
2025-01-01,Food & Beverage,Room Service Orders,17
2025-01-01,Food & Beverage,Buffet Service,16
2025-01-01,Food & Beverage,Table Service,7
2025-01-01,Food & Beverage,Inventory Check,8
2025-01-01,Maintenance,Fix Requests,3
2025-01-01,Maintenance,Safety Checks,1
2025-01-01,Maintenance,Equipment Maintenance,14
2025-01-01,Management,Staff Meetings,11
2025-01-01,Management,Report Preparation,16
2025-01-01,Management,Customer Feedback Review,9
2025-01-02,Front Desk,Check-ins,15
2025-01-02,Front Desk,Check-outs,16
2025-01-02,Front Desk,Phone Calls,20
2025-01-02,Front Desk,Guest Inquiries,19
2025-01-02,Front Desk,Complaints,8
2025-01-02,Housekeeping,Room Cleaning,13
2025-01-02,Housekeeping,Linen Change,11
2025-01-02,Housekeeping,Supply Restock,16
2025-01-02,Housekeeping,Maintenance Report,18
2025-01-02,Food & Beverage,Room Service Orders,19
2025-01-02,Food & Beverage,Buffet Service,17
2025-01-02,Food & Beverage,Table Service,10
2025-01-02,Food & Beverage,Inventory Check,6
2025-01-02,Maintenance,Fix Requests,11
2025-01-02,Maintenance,Safety Checks,15
2025-01-02,Maintenance,Equipment Maintenance,7
2025-01-02,Management,Staff Meetings,14
2025-01-02,Management,Report Preparation,15
2025-01-02,Management,Customer Feedback Review,14
2025-01-03,Front Desk,Check-ins,14
2025-01-03,Front Desk,Check-outs,19
2025-01-03,Front Desk,Phone Calls,15
2025-01-03,Front Desk,Guest Inquiries,28
2025-01-03,Front Desk,Complaints,9
2025-01-03,Housekeeping,Room Cleaning,7
2025-01-03,Housekeeping,Linen Change,3
2025-01-03,Housekeeping,Supply Restock,18
2025-01-03,Housekeeping,Maintenance Report,10
2025-01-03,Food & Beverage,Room Service Orders,20
2025-01-03,Food & Beverage,Buffet Service,7
2025-01-03,Food & Beverage,Table Service,11
2025-01-03,Food & Beverage,Inventory Check,18
2025-01-03,Maintenance,Fix Requests,5
2025-01-03,Maintenance,Safety Checks,7
2025-01-03,Maintenance,Equipment Maintenance,19
2025-01-03,Management,Staff Meetings,15
2025-01-03,Management,Report Preparation,14
2025-01-03,Management,Customer Feedback Review,10
2025-01-04,Front Desk,Check-ins,4
2025-01-04,Front Desk,Check-outs,4
2025-01-04,Front Desk,Phone Calls,15
2025-01-04,Front Desk,Guest Inquiries,19
2025-01-04,Front Desk,Complaints,9
2025-01-04,Housekeeping,Room Cleaning,11
2025-01-04,Housekeeping,Linen Change,5
2025-01-04,Housekeeping,Supply Restock,18
2025-01-04,Housekeeping,Maintenance Report,9
2025-01-04,Food & Beverage,Room Service Orders,13
2025-01-04,Food & Beverage,Buffet Service,20
2025-01-04,Food & Beverage,Table Service,26
2025-01-04,Food & Beverage,Inventory Check,3
2025-01-04,Maintenance,Fix Requests,10
2025-01-04,Maintenance,Safety Checks,5
2025-01-04,Maintenance,Equipment Maintenance,3
2025-01-04,Management,Staff Meetings,6
2025-01-04,Management,Report Preparation,18
2025-01-04,Management,Customer Feedback Review,6
2025-01-05,Front Desk,Check-ins,2
2025-01-05,Front Desk,Check-outs,9
2025-01-05,Front Desk,Phone Calls,9
2025-01-05,Front Desk,Guest Inquiries,16
2025-01-05,Front Desk,Complaints,13
2025-01-05,Housekeeping,Room Cleaning,4
2025-01-05,Housekeeping,Linen Change,21
2025-01-05,Housekeeping,Supply Restock,23
2025-01-05,Housekeeping,Maintenance Report,4
2025-01-05,Food & Beverage,Room Service Orders,8
2025-01-05,Food & Beverage,Buffet Service,9
2025-01-05,Food & Beverage,Table Service,9
2025-01-05,Food & Beverage,Inventory Check,8
2025-01-05,Maintenance,Fix Requests,2
2025-01-05,Maintenance,Safety Checks,16
2025-01-05,Maintenance,Equipment Maintenance,7
2025-01-05,Management,Staff Meetings,25
2025-01-05,Management,Report Preparation,26
2025-01-05,Management,Customer Feedback Review,18
2025-01-06,Front Desk,Check-ins,10
2025-01-06,Front Desk,Check-outs,3
2025-01-06,Front Desk,Phone Calls,3
2025-01-06,Front Desk,Guest Inquiries,17
2025-01-06,Front Desk,Complaints,8
2025-01-06,Housekeeping,Room Cleaning,23
2025-01-06,Housekeeping,Linen Change,12
2025-01-06,Housekeeping,Supply Restock,6
2025-01-06,Housekeeping,Maintenance Report,9
2025-01-06,Food & Beverage,Room Service Orders,8
2025-01-06,Food & Beverage,Buffet Service,1
2025-01-06,Food & Beverage,Table Service,1
2025-01-06,Food & Beverage,Inventory Check,15
2025-01-06,Maintenance,Fix Requests,15
2025-01-06,Maintenance,Safety Checks,11
2025-01-06,Maintenance,Equipment Maintenance,16
2025-01-06,Management,Staff Meetings,6
2025-01-06,Management,Report Preparation,19
2025-01-06,Management,Customer Feedback Review,3
2025-01-07,Front Desk,Check-ins,20
2025-01-07,Front Desk,Check-outs,11
2025-01-07,Front Desk,Phone Calls,12
2025-01-07,Front Desk,Guest Inquiries,2
2025-01-07,Front Desk,Complaints,25
2025-01-07,Housekeeping,Room Cleaning,18
2025-01-07,Housekeeping,Linen Change,1
2025-01-07,Housekeeping,Supply Restock,3
2025-01-07,Housekeeping,Maintenance Report,22
2025-01-07,Food & Beverage,Room Service Orders,5
2025-01-07,Food & Beverage,Buffet Service,2
2025-01-07,Food & Beverage,Table Service,14
2025-01-07,Food & Beverage,Inventory Check,7
2025-01-07,Maintenance,Fix Requests,9
2025-01-07,Maintenance,Safety Checks,22
2025-01-07,Maintenance,Equipment Maintenance,4
2025-01-07,Management,Staff Meetings,11
2025-01-07,Management,Report Preparation,15
2025-01-07,Management,Customer Feedback Review,10
2025-01-08,Front Desk,Check-ins,17
2025-01-08,Front Desk,Check-outs,3
2025-01-08,Front Desk,Phone Calls,4
2025-01-08,Front Desk,Guest Inquiries,16
2025-01-08,Front Desk,Complaints,4
2025-01-08,Housekeeping,Room Cleaning,4
2025-01-08,Housekeeping,Linen Change,11
2025-01-08,Housekeeping,Supply Restock,4
2025-01-08,Housekeeping,Maintenance Report,11
2025-01-08,Food & Beverage,Room Service Orders,13
2025-01-08,Food & Beverage,Buffet Service,3
2025-01-08,Food & Beverage,Table Service,15
2025-01-08,Food & Beverage,Inventory Check,0
2025-01-08,Maintenance,Fix Requests,9
2025-01-08,Maintenance,Safety Checks,9
2025-01-08,Maintenance,Equipment Maintenance,11
2025-01-08,Management,Staff Meetings,11
2025-01-08,Management,Report Preparation,10
2025-01-08,Management,Customer Feedback Review,11
2025-01-09,Front Desk,Check-ins,14
2025-01-09,Front Desk,Check-outs,18
2025-01-09,Front Desk,Phone Calls,17
2025-01-09,Front Desk,Guest Inquiries,12
2025-01-09,Front Desk,Complaints,16
2025-01-09,Housekeeping,Room Cleaning,10
2025-01-09,Housekeeping,Linen Change,13
2025-01-09,Housekeeping,Supply Restock,22
2025-01-09,Housekeeping,Maintenance Report,13
2025-01-09,Food & Beverage,Room Service Orders,23
2025-01-09,Food & Beverage,Buffet Service,5
2025-01-09,Food & Beverage,Table Service,6
2025-01-09,Food & Beverage,Inventory Check,8
2025-01-09,Maintenance,Fix Requests,12
2025-01-09,Maintenance,Safety Checks,16
2025-01-09,Maintenance,Equipment Maintenance,14
2025-01-09,Management,Staff Meetings,8
2025-01-09,Management,Report Preparation,12
2025-01-09,Management,Customer Feedback Review,2
2025-01-10,Front Desk,Check-ins,6
2025-01-10,Front Desk,Check-outs,4
2025-01-10,Front Desk,Phone Calls,8
2025-01-10,Front Desk,Guest Inquiries,13
2025-01-10,Front Desk,Complaints,23
2025-01-10,Housekeeping,Room Cleaning,16
2025-01-10,Housekeeping,Linen Change,2
2025-01-10,Housekeeping,Supply Restock,19
2025-01-10,Housekeeping,Maintenance Report,19
2025-01-10,Food & Beverage,Room Service Orders,11
2025-01-10,Food & Beverage,Buffet Service,17
2025-01-10,Food & Beverage,Table Service,16
2025-01-10,Food & Beverage,Inventory Check,5
2025-01-10,Maintenance,Fix Requests,4
2025-01-10,Maintenance,Safety Checks,9
2025-01-10,Maintenance,Equipment Maintenance,13
2025-01-10,Management,Staff Meetings,18
2025-01-10,Management,Report Preparation,10
2025-01-10,Management,Customer Feedback Review,16
2025-01-11,Front Desk,Check-ins,5
2025-01-11,Front Desk,Check-outs,4
2025-01-11,Front Desk,Phone Calls,16
2025-01-11,Front Desk,Guest Inquiries,23
2025-01-11,Front Desk,Complaints,1
2025-01-11,Housekeeping,Room Cleaning,9
2025-01-11,Housekeeping,Linen Change,16
2025-01-11,Housekeeping,Supply Restock,10
2025-01-11,Housekeeping,Maintenance Report,18
2025-01-11,Food & Beverage,Room Service Orders,21
2025-01-11,Food & Beverage,Buffet Service,9
2025-01-11,Food & Beverage,Table Service,13
2025-01-11,Food & Beverage,Inventory Check,11
2025-01-11,Maintenance,Fix Requests,8
2025-01-11,Maintenance,Safety Checks,8
2025-01-11,Maintenance,Equipment Maintenance,9
2025-01-11,Management,Staff Meetings,5
2025-01-11,Management,Report Preparation,15
2025-01-11,Management,Customer Feedback Review,16
2025-01-12,Front Desk,Check-ins,16
2025-01-12,Front Desk,Check-outs,10
2025-01-12,Front Desk,Phone Calls,20
2025-01-12,Front Desk,Guest Inquiries,6
2025-01-12,Front Desk,Complaints,2
2025-01-12,Housekeeping,Room Cleaning,14
2025-01-12,Housekeeping,Linen Change,14
2025-01-12,Housekeeping,Supply Restock,11
2025-01-12,Housekeeping,Maintenance Report,6
2025-01-12,Food & Beverage,Room Service Orders,17
2025-01-12,Food & Beverage,Buffet Service,5
2025-01-12,Food & Beverage,Table Service,11
2025-01-12,Food & Beverage,Inventory Check,11
2025-01-12,Maintenance,Fix Requests,12
2025-01-12,Maintenance,Safety Checks,17
2025-01-12,Maintenance,Equipment Maintenance,7
2025-01-12,Management,Staff Meetings,17
2025-01-12,Management,Report Preparation,16
2025-01-12,Management,Customer Feedback Review,19
2025-01-13,Front Desk,Check-ins,18
2025-01-13,Front Desk,Check-outs,10
2025-01-13,Front Desk,Phone Calls,10
2025-01-13,Front Desk,Guest Inquiries,18
2025-01-13,Front Desk,Complaints,8
2025-01-13,Housekeeping,Room Cleaning,2
2025-01-13,Housekeeping,Linen Change,10
2025-01-13,Housekeeping,Supply Restock,5
2025-01-13,Housekeeping,Maintenance Report,20
2025-01-13,Food & Beverage,Room Service Orders,15
2025-01-13,Food & Beverage,Buffet Service,9
2025-01-13,Food & Beverage,Table Service,12
2025-01-13,Food & Beverage,Inventory Check,2
2025-01-13,Maintenance,Fix Requests,20
2025-01-13,Maintenance,Safety Checks,16
2025-01-13,Maintenance,Equipment Maintenance,11
2025-01-13,Management,Staff Meetings,13
2025-01-13,Management,Report Preparation,11
2025-01-13,Management,Customer Feedback Review,13
2025-01-14,Front Desk,Check-ins,12
2025-01-14,Front Desk,Check-outs,11
2025-01-14,Front Desk,Phone Calls,10
2025-01-14,Front Desk,Guest Inquiries,14
2025-01-14,Front Desk,Complaints,2
2025-01-14,Housekeeping,Room Cleaning,20
2025-01-14,Housekeeping,Linen Change,8
2025-01-14,Housekeeping,Supply Restock,14
2025-01-14,Housekeeping,Maintenance Report,5
2025-01-14,Food & Beverage,Room Service Orders,12
2025-01-14,Food & Beverage,Buffet Service,8
2025-01-14,Food & Beverage,Table Service,7
2025-01-14,Food & Beverage,Inventory Check,9
2025-01-14,Maintenance,Fix Requests,4
2025-01-14,Maintenance,Safety Checks,13
2025-01-14,Maintenance,Equipment Maintenance,7
2025-01-14,Management,Staff Meetings,17
2025-01-14,Management,Report Preparation,10
2025-01-14,Management,Customer Feedback Review,17
2025-01-15,Front Desk,Check-ins,7
2025-01-15,Front Desk,Check-outs,12
2025-01-15,Front Desk,Phone Calls,20
2025-01-15,Front Desk,Guest Inquiries,2
2025-01-15,Front Desk,Complaints,11
2025-01-15,Housekeeping,Room Cleaning,11
2025-01-15,Housekeeping,Linen Change,3
2025-01-15,Housekeeping,Supply Restock,20
2025-01-15,Housekeeping,Maintenance Report,10
2025-01-15,Food & Beverage,Room Service Orders,20
2025-01-15,Food & Beverage,Buffet Service,16
2025-01-15,Food & Beverage,Table Service,2
2025-01-15,Food & Beverage,Inventory Check,8
2025-01-15,Maintenance,Fix Requests,2
2025-01-15,Maintenance,Safety Checks,10
2025-01-15,Maintenance,Equipment Maintenance,13
2025-01-15,Management,Staff Meetings,16
2025-01-15,Management,Report Preparation,23
2025-01-15,Management,Customer Feedback Review,13
2025-01-16,Front Desk,Check-ins,16
2025-01-16,Front Desk,Check-outs,12
2025-01-16,Front Desk,Phone Calls,16
2025-01-16,Front Desk,Guest Inquiries,10
2025-01-16,Front Desk,Complaints,12
2025-01-16,Housekeeping,Room Cleaning,16
2025-01-16,Housekeeping,Linen Change,14
2025-01-16,Housekeeping,Supply Restock,19
2025-01-16,Housekeeping,Maintenance Report,11
2025-01-16,Food & Beverage,Room Service Orders,14
2025-01-16,Food & Beverage,Buffet Service,13
2025-01-16,Food & Beverage,Table Service,10
2025-01-16,Food & Beverage,Inventory Check,7
2025-01-16,Maintenance,Fix Requests,13
2025-01-16,Maintenance,Safety Checks,3
2025-01-16,Maintenance,Equipment Maintenance,14
2025-01-16,Management,Staff Meetings,0
2025-01-16,Management,Report Preparation,3
2025-01-16,Management,Customer Feedback Review,12
2025-01-17,Front Desk,Check-ins,15
2025-01-17,Front Desk,Check-outs,10
2025-01-17,Front Desk,Phone Calls,6
2025-01-17,Front Desk,Guest Inquiries,2
2025-01-17,Front Desk,Complaints,24
2025-01-17,Housekeeping,Room Cleaning,15
2025-01-17,Housekeeping,Linen Change,15
2025-01-17,Housekeeping,Supply Restock,15
2025-01-17,Housekeeping,Maintenance Report,7
2025-01-17,Food & Beverage,Room Service Orders,7
2025-01-17,Food & Beverage,Buffet Service,12
2025-01-17,Food & Beverage,Table Service,3
2025-01-17,Food & Beverage,Inventory Check,15
2025-01-17,Maintenance,Fix Requests,4
2025-01-17,Maintenance,Safety Checks,13
2025-01-17,Maintenance,Equipment Maintenance,6
2025-01-17,Management,Staff Meetings,9
2025-01-17,Management,Report Preparation,14
2025-01-17,Management,Customer Feedback Review,4
2025-01-18,Front Desk,Check-ins,12
2025-01-18,Front Desk,Check-outs,14
2025-01-18,Front Desk,Phone Calls,5
2025-01-18,Front Desk,Guest Inquiries,14
2025-01-18,Front Desk,Complaints,13
2025-01-18,Housekeeping,Room Cleaning,9
2025-01-18,Housekeeping,Linen Change,7
2025-01-18,Housekeeping,Supply Restock,16
2025-01-18,Housekeeping,Maintenance Report,3
2025-01-18,Food & Beverage,Room Service Orders,23
2025-01-18,Food & Beverage,Buffet Service,15
2025-01-18,Food & Beverage,Table Service,12
2025-01-18,Food & Beverage,Inventory Check,13
2025-01-18,Maintenance,Fix Requests,22
2025-01-18,Maintenance,Safety Checks,15
2025-01-18,Maintenance,Equipment Maintenance,29
2025-01-18,Management,Staff Meetings,14
2025-01-18,Management,Report Preparation,8
2025-01-18,Management,Customer Feedback Review,9
2025-01-19,Front Desk,Check-ins,2
2025-01-19,Front Desk,Check-outs,13
2025-01-19,Front Desk,Phone Calls,11
2025-01-19,Front Desk,Guest Inquiries,5
2025-01-19,Front Desk,Complaints,18
2025-01-19,Housekeeping,Room Cleaning,15
2025-01-19,Housekeeping,Linen Change,13
2025-01-19,Housekeeping,Supply Restock,14
2025-01-19,Housekeeping,Maintenance Report,7
2025-01-19,Food & Beverage,Room Service Orders,9
2025-01-19,Food & Beverage,Buffet Service,9
2025-01-19,Food & Beverage,Table Service,6
2025-01-19,Food & Beverage,Inventory Check,18
2025-01-19,Maintenance,Fix Requests,5
2025-01-19,Maintenance,Safety Checks,20
2025-01-19,Maintenance,Equipment Maintenance,17
2025-01-19,Management,Staff Meetings,11
2025-01-19,Management,Report Preparation,14
2025-01-19,Management,Customer Feedback Review,13
2025-01-20,Front Desk,Check-ins,10
2025-01-20,Front Desk,Check-outs,16
2025-01-20,Front Desk,Phone Calls,7
2025-01-20,Front Desk,Guest Inquiries,3
2025-01-20,Front Desk,Complaints,6
2025-01-20,Housekeeping,Room Cleaning,22
2025-01-20,Housekeeping,Linen Change,15
2025-01-20,Housekeeping,Supply Restock,21
2025-01-20,Housekeeping,Maintenance Report,6
2025-01-20,Food & Beverage,Room Service Orders,6
2025-01-20,Food & Beverage,Buffet Service,15
2025-01-20,Food & Beverage,Table Service,4
2025-01-20,Food & Beverage,Inventory Check,10
2025-01-20,Maintenance,Fix Requests,14
2025-01-20,Maintenance,Safety Checks,17
2025-01-20,Maintenance,Equipment Maintenance,11
2025-01-20,Management,Staff Meetings,11
2025-01-20,Management,Report Preparation,7
2025-01-20,Management,Customer Feedback Review,20
2025-01-21,Front Desk,Check-ins,25
2025-01-21,Front Desk,Check-outs,14
2025-01-21,Front Desk,Phone Calls,21
2025-01-21,Front Desk,Guest Inquiries,16
2025-01-21,Front Desk,Complaints,17
2025-01-21,Housekeeping,Room Cleaning,8
2025-01-21,Housekeeping,Linen Change,3
2025-01-21,Housekeeping,Supply Restock,4
2025-01-21,Housekeeping,Maintenance Report,13
2025-01-21,Food & Beverage,Room Service Orders,4
2025-01-21,Food & Beverage,Buffet Service,0
2025-01-21,Food & Beverage,Table Service,11
2025-01-21,Food & Beverage,Inventory Check,23
2025-01-21,Maintenance,Fix Requests,15
2025-01-21,Maintenance,Safety Checks,18
2025-01-21,Maintenance,Equipment Maintenance,5
2025-01-21,Management,Staff Meetings,6
2025-01-21,Management,Report Preparation,12
2025-01-21,Management,Customer Feedback Review,3
2025-01-22,Front Desk,Check-ins,12
2025-01-22,Front Desk,Check-outs,6
2025-01-22,Front Desk,Phone Calls,16
2025-01-22,Front Desk,Guest Inquiries,12
2025-01-22,Front Desk,Complaints,8
2025-01-22,Housekeeping,Room Cleaning,4
2025-01-22,Housekeeping,Linen Change,8
2025-01-22,Housekeeping,Supply Restock,17
2025-01-22,Housekeeping,Maintenance Report,7
2025-01-22,Food & Beverage,Room Service Orders,12
2025-01-22,Food & Beverage,Buffet Service,16
2025-01-22,Food & Beverage,Table Service,17
2025-01-22,Food & Beverage,Inventory Check,9
2025-01-22,Maintenance,Fix Requests,1
2025-01-22,Maintenance,Safety Checks,7
2025-01-22,Maintenance,Equipment Maintenance,7
2025-01-22,Management,Staff Meetings,15
2025-01-22,Management,Report Preparation,16
2025-01-22,Management,Customer Feedback Review,18
2025-01-23,Front Desk,Check-ins,3
2025-01-23,Front Desk,Check-outs,13
2025-01-23,Front Desk,Phone Calls,4
2025-01-23,Front Desk,Guest Inquiries,18
2025-01-23,Front Desk,Complaints,21
2025-01-23,Housekeeping,Room Cleaning,5
2025-01-23,Housekeeping,Linen Change,4
2025-01-23,Housekeeping,Supply Restock,11
2025-01-23,Housekeeping,Maintenance Report,23
2025-01-23,Food & Beverage,Room Service Orders,8
2025-01-23,Food & Beverage,Buffet Service,16
2025-01-23,Food & Beverage,Table Service,13
2025-01-23,Food & Beverage,Inventory Check,3
2025-01-23,Maintenance,Fix Requests,14
2025-01-23,Maintenance,Safety Checks,3
2025-01-23,Maintenance,Equipment Maintenance,14
2025-01-23,Management,Staff Meetings,23
2025-01-23,Management,Report Preparation,3
2025-01-23,Management,Customer Feedback Review,20
2025-01-24,Front Desk,Check-ins,15
2025-01-24,Front Desk,Check-outs,8
2025-01-24,Front Desk,Phone Calls,3
2025-01-24,Front Desk,Guest Inquiries,8
2025-01-24,Front Desk,Complaints,5
2025-01-24,Housekeeping,Room Cleaning,2
2025-01-24,Housekeeping,Linen Change,19
2025-01-24,Housekeeping,Supply Restock,1
2025-01-24,Housekeeping,Maintenance Report,8
2025-01-24,Food & Beverage,Room Service Orders,30
2025-01-24,Food & Beverage,Buffet Service,6
2025-01-24,Food & Beverage,Table Service,19
2025-01-24,Food & Beverage,Inventory Check,15
2025-01-24,Maintenance,Fix Requests,13
2025-01-24,Maintenance,Safety Checks,10
2025-01-24,Maintenance,Equipment Maintenance,15
2025-01-24,Management,Staff Meetings,3
2025-01-24,Management,Report Preparation,20
2025-01-24,Management,Customer Feedback Review,11
2025-01-25,Front Desk,Check-ins,4
2025-01-25,Front Desk,Check-outs,11
2025-01-25,Front Desk,Phone Calls,10
2025-01-25,Front Desk,Guest Inquiries,21
2025-01-25,Front Desk,Complaints,17
2025-01-25,Housekeeping,Room Cleaning,11
2025-01-25,Housekeeping,Linen Change,6
2025-01-25,Housekeeping,Supply Restock,19
2025-01-25,Housekeeping,Maintenance Report,10
2025-01-25,Food & Beverage,Room Service Orders,10
2025-01-25,Food & Beverage,Buffet Service,17
2025-01-25,Food & Beverage,Table Service,11
2025-01-25,Food & Beverage,Inventory Check,8
2025-01-25,Maintenance,Fix Requests,6
2025-01-25,Maintenance,Safety Checks,22
2025-01-25,Maintenance,Equipment Maintenance,9
2025-01-25,Management,Staff Meetings,19
2025-01-25,Management,Report Preparation,10
2025-01-25,Management,Customer Feedback Review,11
2025-01-26,Front Desk,Check-ins,24
2025-01-26,Front Desk,Check-outs,4
2025-01-26,Front Desk,Phone Calls,7
2025-01-26,Front Desk,Guest Inquiries,7
2025-01-26,Front Desk,Complaints,10
2025-01-26,Housekeeping,Room Cleaning,20
2025-01-26,Housekeeping,Linen Change,5
2025-01-26,Housekeeping,Supply Restock,4
2025-01-26,Housekeeping,Maintenance Report,16
2025-01-26,Food & Beverage,Room Service Orders,8
2025-01-26,Food & Beverage,Buffet Service,14
2025-01-26,Food & Beverage,Table Service,3
2025-01-26,Food & Beverage,Inventory Check,6
2025-01-26,Maintenance,Fix Requests,12
2025-01-26,Maintenance,Safety Checks,1
2025-01-26,Maintenance,Equipment Maintenance,12
2025-01-26,Management,Staff Meetings,18
2025-01-26,Management,Report Preparation,12
2025-01-26,Management,Customer Feedback Review,10
2025-01-27,Front Desk,Check-ins,18
2025-01-27,Front Desk,Check-outs,14
2025-01-27,Front Desk,Phone Calls,12
2025-01-27,Front Desk,Guest Inquiries,5
2025-01-27,Front Desk,Complaints,3
2025-01-27,Housekeeping,Room Cleaning,6
2025-01-27,Housekeeping,Linen Change,24
2025-01-27,Housekeeping,Supply Restock,13
2025-01-27,Housekeeping,Maintenance Report,6
2025-01-27,Food & Beverage,Room Service Orders,18
2025-01-27,Food & Beverage,Buffet Service,13
2025-01-27,Food & Beverage,Table Service,8
2025-01-27,Food & Beverage,Inventory Check,5
2025-01-27,Maintenance,Fix Requests,11
2025-01-27,Maintenance,Safety Checks,19
2025-01-27,Maintenance,Equipment Maintenance,7
2025-01-27,Management,Staff Meetings,17
2025-01-27,Management,Report Preparation,27
2025-01-27,Management,Customer Feedback Review,11
2025-01-28,Front Desk,Check-ins,10
2025-01-28,Front Desk,Check-outs,18
2025-01-28,Front Desk,Phone Calls,4
2025-01-28,Front Desk,Guest Inquiries,16
2025-01-28,Front Desk,Complaints,4
2025-01-28,Housekeeping,Room Cleaning,17
2025-01-28,Housekeeping,Linen Change,4
2025-01-28,Housekeeping,Supply Restock,1
2025-01-28,Housekeeping,Maintenance Report,6
2025-01-28,Food & Beverage,Room Service Orders,3
2025-01-28,Food & Beverage,Buffet Service,3
2025-01-28,Food & Beverage,Table Service,15
2025-01-28,Food & Beverage,Inventory Check,15
2025-01-28,Maintenance,Fix Requests,8
2025-01-28,Maintenance,Safety Checks,11
2025-01-28,Maintenance,Equipment Maintenance,10
2025-01-28,Management,Staff Meetings,7
2025-01-28,Management,Report Preparation,13
2025-01-28,Management,Customer Feedback Review,2
2025-01-29,Front Desk,Check-ins,4
2025-01-29,Front Desk,Check-outs,14
2025-01-29,Front Desk,Phone Calls,5
2025-01-29,Front Desk,Guest Inquiries,8
2025-01-29,Front Desk,Complaints,2
2025-01-29,Housekeeping,Room Cleaning,9
2025-01-29,Housekeeping,Linen Change,10
2025-01-29,Housekeeping,Supply Restock,6
2025-01-29,Housekeeping,Maintenance Report,11
2025-01-29,Food & Beverage,Room Service Orders,18
2025-01-29,Food & Beverage,Buffet Service,11
2025-01-29,Food & Beverage,Table Service,1
2025-01-29,Food & Beverage,Inventory Check,17
2025-01-29,Maintenance,Fix Requests,7
2025-01-29,Maintenance,Safety Checks,26
2025-01-29,Maintenance,Equipment Maintenance,2
2025-01-29,Management,Staff Meetings,4
2025-01-29,Management,Report Preparation,7
2025-01-29,Management,Customer Feedback Review,15
2025-01-30,Front Desk,Check-ins,18
2025-01-30,Front Desk,Check-outs,18
2025-01-30,Front Desk,Phone Calls,3
2025-01-30,Front Desk,Guest Inquiries,11
2025-01-30,Front Desk,Complaints,11
2025-01-30,Housekeeping,Room Cleaning,17
2025-01-30,Housekeeping,Linen Change,18
2025-01-30,Housekeeping,Supply Restock,16
2025-01-30,Housekeeping,Maintenance Report,18
2025-01-30,Food & Beverage,Room Service Orders,17
2025-01-30,Food & Beverage,Buffet Service,1
2025-01-30,Food & Beverage,Table Service,21
2025-01-30,Food & Beverage,Inventory Check,1
2025-01-30,Maintenance,Fix Requests,3
2025-01-30,Maintenance,Safety Checks,8
2025-01-30,Maintenance,Equipment Maintenance,8
2025-01-30,Management,Staff Meetings,10
2025-01-30,Management,Report Preparation,2
2025-01-30,Management,Customer Feedback Review,2
2025-01-31,Front Desk,Check-ins,17
2025-01-31,Front Desk,Check-outs,15
2025-01-31,Front Desk,Phone Calls,12
2025-01-31,Front Desk,Guest Inquiries,8
2025-01-31,Front Desk,Complaints,14
2025-01-31,Housekeeping,Room Cleaning,3
2025-01-31,Housekeeping,Linen Change,6
2025-01-31,Housekeeping,Supply Restock,10
2025-01-31,Housekeeping,Maintenance Report,6
2025-01-31,Food & Beverage,Room Service Orders,4
2025-01-31,Food & Beverage,Buffet Service,13
2025-01-31,Food & Beverage,Table Service,11
2025-01-31,Food & Beverage,Inventory Check,3
2025-01-31,Maintenance,Fix Requests,11
2025-01-31,Maintenance,Safety Checks,21
2025-01-31,Maintenance,Equipment Maintenance,16
2025-01-31,Management,Staff Meetings,9
2025-01-31,Management,Report Preparation,6
2025-01-31,Management,Customer Feedback Review,16
2025-02-01,Front Desk,Check-ins,8
2025-02-01,Front Desk,Check-outs,11
2025-02-01,Front Desk,Phone Calls,16
2025-02-01,Front Desk,Guest Inquiries,12
2025-02-01,Front Desk,Complaints,9
2025-02-01,Housekeeping,Room Cleaning,9
2025-02-01,Housekeeping,Linen Change,6
2025-02-01,Housekeeping,Supply Restock,11
2025-02-01,Housekeeping,Maintenance Report,4
2025-02-01,Food & Beverage,Room Service Orders,7
2025-02-01,Food & Beverage,Buffet Service,9
2025-02-01,Food & Beverage,Table Service,8
2025-02-01,Food & Beverage,Inventory Check,8
2025-02-01,Maintenance,Fix Requests,19
2025-02-01,Maintenance,Safety Checks,0
2025-02-01,Maintenance,Equipment Maintenance,16
2025-02-01,Management,Staff Meetings,15
2025-02-01,Management,Report Preparation,19
2025-02-01,Management,Customer Feedback Review,6
2025-02-02,Front Desk,Check-ins,10
2025-02-02,Front Desk,Check-outs,11
2025-02-02,Front Desk,Phone Calls,14
2025-02-02,Front Desk,Guest Inquiries,16
2025-02-02,Front Desk,Complaints,8
2025-02-02,Housekeeping,Room Cleaning,5
2025-02-02,Housekeeping,Linen Change,12
2025-02-02,Housekeeping,Supply Restock,7
2025-02-02,Housekeeping,Maintenance Report,11
2025-02-02,Food & Beverage,Room Service Orders,13
2025-02-02,Food & Beverage,Buffet Service,18
2025-02-02,Food & Beverage,Table Service,11
2025-02-02,Food & Beverage,Inventory Check,4
2025-02-02,Maintenance,Fix Requests,22
2025-02-02,Maintenance,Safety Checks,1
2025-02-02,Maintenance,Equipment Maintenance,9
2025-02-02,Management,Staff Meetings,13
2025-02-02,Management,Report Preparation,21
2025-02-02,Management,Customer Feedback Review,3
2025-02-03,Front Desk,Check-ins,19
2025-02-03,Front Desk,Check-outs,18
2025-02-03,Front Desk,Phone Calls,23
2025-02-03,Front Desk,Guest Inquiries,17
2025-02-03,Front Desk,Complaints,22
2025-02-03,Housekeeping,Room Cleaning,19
2025-02-03,Housekeeping,Linen Change,19
2025-02-03,Housekeeping,Supply Restock,7
2025-02-03,Housekeeping,Maintenance Report,14
2025-02-03,Food & Beverage,Room Service Orders,4
2025-02-03,Food & Beverage,Buffet Service,3
2025-02-03,Food & Beverage,Table Service,11
2025-02-03,Food & Beverage,Inventory Check,31
2025-02-03,Maintenance,Fix Requests,13
2025-02-03,Maintenance,Safety Checks,15
2025-02-03,Maintenance,Equipment Maintenance,6
2025-02-03,Management,Staff Meetings,8
2025-02-03,Management,Report Preparation,8
2025-02-03,Management,Customer Feedback Review,9
2025-02-04,Front Desk,Check-ins,17
2025-02-04,Front Desk,Check-outs,5
2025-02-04,Front Desk,Phone Calls,7
2025-02-04,Front Desk,Guest Inquiries,4
2025-02-04,Front Desk,Complaints,15
2025-02-04,Housekeeping,Room Cleaning,3
2025-02-04,Housekeeping,Linen Change,6
2025-02-04,Housekeeping,Supply Restock,17
2025-02-04,Housekeeping,Maintenance Report,16
2025-02-04,Food & Beverage,Room Service Orders,7
2025-02-04,Food & Beverage,Buffet Service,16
2025-02-04,Food & Beverage,Table Service,3
2025-02-04,Food & Beverage,Inventory Check,4
2025-02-04,Maintenance,Fix Requests,13
2025-02-04,Maintenance,Safety Checks,10
2025-02-04,Maintenance,Equipment Maintenance,14
2025-02-04,Management,Staff Meetings,3
2025-02-04,Management,Report Preparation,9
2025-02-04,Management,Customer Feedback Review,17
2025-02-05,Front Desk,Check-ins,3
2025-02-05,Front Desk,Check-outs,18
2025-02-05,Front Desk,Phone Calls,8
2025-02-05,Front Desk,Guest Inquiries,8
2025-02-05,Front Desk,Complaints,9
2025-02-05,Housekeeping,Room Cleaning,11
2025-02-05,Housekeeping,Linen Change,13
2025-02-05,Housekeeping,Supply Restock,12
2025-02-05,Housekeeping,Maintenance Report,6
2025-02-05,Food & Beverage,Room Service Orders,19
2025-02-05,Food & Beverage,Buffet Service,17
2025-02-05,Food & Beverage,Table Service,0
2025-02-05,Food & Beverage,Inventory Check,13
2025-02-05,Maintenance,Fix Requests,1
2025-02-05,Maintenance,Safety Checks,16
2025-02-05,Maintenance,Equipment Maintenance,12
2025-02-05,Management,Staff Meetings,8
2025-02-05,Management,Report Preparation,20
2025-02-05,Management,Customer Feedback Review,21
2025-02-06,Front Desk,Check-ins,10
2025-02-06,Front Desk,Check-outs,7
2025-02-06,Front Desk,Phone Calls,5
2025-02-06,Front Desk,Guest Inquiries,7
2025-02-06,Front Desk,Complaints,16
2025-02-06,Housekeeping,Room Cleaning,2
2025-02-06,Housekeeping,Linen Change,1
2025-02-06,Housekeeping,Supply Restock,22
2025-02-06,Housekeeping,Maintenance Report,5
2025-02-06,Food & Beverage,Room Service Orders,6
2025-02-06,Food & Beverage,Buffet Service,23
2025-02-06,Food & Beverage,Table Service,5
2025-02-06,Food & Beverage,Inventory Check,17
2025-02-06,Maintenance,Fix Requests,16
2025-02-06,Maintenance,Safety Checks,1
2025-02-06,Maintenance,Equipment Maintenance,13
2025-02-06,Management,Staff Meetings,8
2025-02-06,Management,Report Preparation,10
2025-02-06,Management,Customer Feedback Review,8
2025-02-07,Front Desk,Check-ins,1
2025-02-07,Front Desk,Check-outs,4
2025-02-07,Front Desk,Phone Calls,2
2025-02-07,Front Desk,Guest Inquiries,10
2025-02-07,Front Desk,Complaints,11
2025-02-07,Housekeeping,Room Cleaning,11
2025-02-07,Housekeeping,Linen Change,12
2025-02-07,Housekeeping,Supply Restock,4
2025-02-07,Housekeeping,Maintenance Report,4
2025-02-07,Food & Beverage,Room Service Orders,10
2025-02-07,Food & Beverage,Buffet Service,10
2025-02-07,Food & Beverage,Table Service,7
2025-02-07,Food & Beverage,Inventory Check,9
2025-02-07,Maintenance,Fix Requests,10
2025-02-07,Maintenance,Safety Checks,5
2025-02-07,Maintenance,Equipment Maintenance,4
2025-02-07,Management,Staff Meetings,12
2025-02-07,Management,Report Preparation,5
2025-02-07,Management,Customer Feedback Review,8
2025-02-08,Front Desk,Check-ins,23
2025-02-08,Front Desk,Check-outs,3
2025-02-08,Front Desk,Phone Calls,5
2025-02-08,Front Desk,Guest Inquiries,15
2025-02-08,Front Desk,Complaints,11
2025-02-08,Housekeeping,Room Cleaning,9
2025-02-08,Housekeeping,Linen Change,24
2025-02-08,Housekeeping,Supply Restock,12
2025-02-08,Housekeeping,Maintenance Report,17
2025-02-08,Food & Beverage,Room Service Orders,16
2025-02-08,Food & Beverage,Buffet Service,15
2025-02-08,Food & Beverage,Table Service,18
2025-02-08,Food & Beverage,Inventory Check,8
2025-02-08,Maintenance,Fix Requests,8
2025-02-08,Maintenance,Safety Checks,12
2025-02-08,Maintenance,Equipment Maintenance,9
2025-02-08,Management,Staff Meetings,5
2025-02-08,Management,Report Preparation,6
2025-02-08,Management,Customer Feedback Review,7
2025-02-09,Front Desk,Check-ins,13
2025-02-09,Front Desk,Check-outs,15
2025-02-09,Front Desk,Phone Calls,15
2025-02-09,Front Desk,Guest Inquiries,11
2025-02-09,Front Desk,Complaints,2
2025-02-09,Housekeeping,Room Cleaning,10
2025-02-09,Housekeeping,Linen Change,22
2025-02-09,Housekeeping,Supply Restock,11
2025-02-09,Housekeeping,Maintenance Report,3
2025-02-09,Food & Beverage,Room Service Orders,4
2025-02-09,Food & Beverage,Buffet Service,2
2025-02-09,Food & Beverage,Table Service,3
2025-02-09,Food & Beverage,Inventory Check,14
2025-02-09,Maintenance,Fix Requests,19
2025-02-09,Maintenance,Safety Checks,14
2025-02-09,Maintenance,Equipment Maintenance,17
2025-02-09,Management,Staff Meetings,12
2025-02-09,Management,Report Preparation,7
2025-02-09,Management,Customer Feedback Review,17
2025-02-10,Front Desk,Check-ins,13
2025-02-10,Front Desk,Check-outs,16
2025-02-10,Front Desk,Phone Calls,7
2025-02-10,Front Desk,Guest Inquiries,14
2025-02-10,Front Desk,Complaints,1
2025-02-10,Housekeeping,Room Cleaning,12
2025-02-10,Housekeeping,Linen Change,13
2025-02-10,Housekeeping,Supply Restock,12
2025-02-10,Housekeeping,Maintenance Report,4
2025-02-10,Food & Beverage,Room Service Orders,19
2025-02-10,Food & Beverage,Buffet Service,18
2025-02-10,Food & Beverage,Table Service,7
2025-02-10,Food & Beverage,Inventory Check,12
2025-02-10,Maintenance,Fix Requests,20
2025-02-10,Maintenance,Safety Checks,24
2025-02-10,Maintenance,Equipment Maintenance,8
2025-02-10,Management,Staff Meetings,20
2025-02-10,Management,Report Preparation,13
2025-02-10,Management,Customer Feedback Review,21
2025-02-11,Front Desk,Check-ins,7
2025-02-11,Front Desk,Check-outs,11
2025-02-11,Front Desk,Phone Calls,23
2025-02-11,Front Desk,Guest Inquiries,19
2025-02-11,Front Desk,Complaints,9
2025-02-11,Housekeeping,Room Cleaning,8
2025-02-11,Housekeeping,Linen Change,4
2025-02-11,Housekeeping,Supply Restock,14
2025-02-11,Housekeeping,Maintenance Report,9
2025-02-11,Food & Beverage,Room Service Orders,8
2025-02-11,Food & Beverage,Buffet Service,14
2025-02-11,Food & Beverage,Table Service,11
2025-02-11,Food & Beverage,Inventory Check,7
2025-02-11,Maintenance,Fix Requests,2
2025-02-11,Maintenance,Safety Checks,12
2025-02-11,Maintenance,Equipment Maintenance,3
2025-02-11,Management,Staff Meetings,11
2025-02-11,Management,Report Preparation,14
2025-02-11,Management,Customer Feedback Review,14
2025-02-12,Front Desk,Check-ins,3
2025-02-12,Front Desk,Check-outs,10
2025-02-12,Front Desk,Phone Calls,17
2025-02-12,Front Desk,Guest Inquiries,6
2025-02-12,Front Desk,Complaints,10
2025-02-12,Housekeeping,Room Cleaning,14
2025-02-12,Housekeeping,Linen Change,7
2025-02-12,Housekeeping,Supply Restock,9
2025-02-12,Housekeeping,Maintenance Report,20
2025-02-12,Food & Beverage,Room Service Orders,12
2025-02-12,Food & Beverage,Buffet Service,19
2025-02-12,Food & Beverage,Table Service,5
2025-02-12,Food & Beverage,Inventory Check,5
2025-02-12,Maintenance,Fix Requests,8
2025-02-12,Maintenance,Safety Checks,17
2025-02-12,Maintenance,Equipment Maintenance,4
2025-02-12,Management,Staff Meetings,9
2025-02-12,Management,Report Preparation,10
2025-02-12,Management,Customer Feedback Review,13
2025-02-13,Front Desk,Check-ins,13
2025-02-13,Front Desk,Check-outs,11
2025-02-13,Front Desk,Phone Calls,17
2025-02-13,Front Desk,Guest Inquiries,3
2025-02-13,Front Desk,Complaints,22
2025-02-13,Housekeeping,Room Cleaning,6
2025-02-13,Housekeeping,Linen Change,6
2025-02-13,Housekeeping,Supply Restock,13
2025-02-13,Housekeeping,Maintenance Report,19
2025-02-13,Food & Beverage,Room Service Orders,4
2025-02-13,Food & Beverage,Buffet Service,7
2025-02-13,Food & Beverage,Table Service,15
2025-02-13,Food & Beverage,Inventory Check,14
2025-02-13,Maintenance,Fix Requests,17
2025-02-13,Maintenance,Safety Checks,10
2025-02-13,Maintenance,Equipment Maintenance,1
2025-02-13,Management,Staff Meetings,11
2025-02-13,Management,Report Preparation,16
2025-02-13,Management,Customer Feedback Review,13
2025-02-14,Front Desk,Check-ins,14
2025-02-14,Front Desk,Check-outs,10
2025-02-14,Front Desk,Phone Calls,11
2025-02-14,Front Desk,Guest Inquiries,0
2025-02-14,Front Desk,Complaints,11
2025-02-14,Housekeeping,Room Cleaning,12
2025-02-14,Housekeeping,Linen Change,17
2025-02-14,Housekeeping,Supply Restock,11
2025-02-14,Housekeeping,Maintenance Report,24
2025-02-14,Food & Beverage,Room Service Orders,8
2025-02-14,Food & Beverage,Buffet Service,15
2025-02-14,Food & Beverage,Table Service,10
2025-02-14,Food & Beverage,Inventory Check,17
2025-02-14,Maintenance,Fix Requests,4
2025-02-14,Maintenance,Safety Checks,18
2025-02-14,Maintenance,Equipment Maintenance,6
2025-02-14,Management,Staff Meetings,13
2025-02-14,Management,Report Preparation,0
2025-02-14,Management,Customer Feedback Review,24
2025-02-15,Front Desk,Check-ins,14
2025-02-15,Front Desk,Check-outs,8
2025-02-15,Front Desk,Phone Calls,5
2025-02-15,Front Desk,Guest Inquiries,18
2025-02-15,Front Desk,Complaints,11
2025-02-15,Housekeeping,Room Cleaning,21
2025-02-15,Housekeeping,Linen Change,13
2025-02-15,Housekeeping,Supply Restock,14
2025-02-15,Housekeeping,Maintenance Report,13
2025-02-15,Food & Beverage,Room Service Orders,10
2025-02-15,Food & Beverage,Buffet Service,13
2025-02-15,Food & Beverage,Table Service,4
2025-02-15,Food & Beverage,Inventory Check,13
2025-02-15,Maintenance,Fix Requests,9
2025-02-15,Maintenance,Safety Checks,11
2025-02-15,Maintenance,Equipment Maintenance,9
2025-02-15,Management,Staff Meetings,3
2025-02-15,Management,Report Preparation,3
2025-02-15,Management,Customer Feedback Review,7
2025-02-16,Front Desk,Check-ins,22
2025-02-16,Front Desk,Check-outs,14
2025-02-16,Front Desk,Phone Calls,17
2025-02-16,Front Desk,Guest Inquiries,7
2025-02-16,Front Desk,Complaints,14
2025-02-16,Housekeeping,Room Cleaning,7
2025-02-16,Housekeeping,Linen Change,14
2025-02-16,Housekeeping,Supply Restock,3
2025-02-16,Housekeeping,Maintenance Report,13
2025-02-16,Food & Beverage,Room Service Orders,2
2025-02-16,Food & Beverage,Buffet Service,7
2025-02-16,Food & Beverage,Table Service,0
2025-02-16,Food & Beverage,Inventory Check,4
2025-02-16,Maintenance,Fix Requests,6
2025-02-16,Maintenance,Safety Checks,13
2025-02-16,Maintenance,Equipment Maintenance,13
2025-02-16,Management,Staff Meetings,7
2025-02-16,Management,Report Preparation,5
2025-02-16,Management,Customer Feedback Review,10
2025-02-17,Front Desk,Check-ins,4
2025-02-17,Front Desk,Check-outs,10
2025-02-17,Front Desk,Phone Calls,13
2025-02-17,Front Desk,Guest Inquiries,11
2025-02-17,Front Desk,Complaints,16
2025-02-17,Housekeeping,Room Cleaning,7
2025-02-17,Housekeeping,Linen Change,8
2025-02-17,Housekeeping,Supply Restock,12
2025-02-17,Housekeeping,Maintenance Report,11
2025-02-17,Food & Beverage,Room Service Orders,19
2025-02-17,Food & Beverage,Buffet Service,13
2025-02-17,Food & Beverage,Table Service,17
2025-02-17,Food & Beverage,Inventory Check,15
2025-02-17,Maintenance,Fix Requests,11
2025-02-17,Maintenance,Safety Checks,8
2025-02-17,Maintenance,Equipment Maintenance,12
2025-02-17,Management,Staff Meetings,16
2025-02-17,Management,Report Preparation,8
2025-02-17,Management,Customer Feedback Review,13
2025-02-18,Front Desk,Check-ins,21
2025-02-18,Front Desk,Check-outs,7
2025-02-18,Front Desk,Phone Calls,6
2025-02-18,Front Desk,Guest Inquiries,11
2025-02-18,Front Desk,Complaints,17
2025-02-18,Housekeeping,Room Cleaning,7
2025-02-18,Housekeeping,Linen Change,10
2025-02-18,Housekeeping,Supply Restock,9
2025-02-18,Housekeeping,Maintenance Report,15
2025-02-18,Food & Beverage,Room Service Orders,6
2025-02-18,Food & Beverage,Buffet Service,10
2025-02-18,Food & Beverage,Table Service,4
2025-02-18,Food & Beverage,Inventory Check,5
2025-02-18,Maintenance,Fix Requests,2
2025-02-18,Maintenance,Safety Checks,8
2025-02-18,Maintenance,Equipment Maintenance,3
2025-02-18,Management,Staff Meetings,18
2025-02-18,Management,Report Preparation,13
2025-02-18,Management,Customer Feedback Review,4
2025-02-19,Front Desk,Check-ins,12
2025-02-19,Front Desk,Check-outs,4
2025-02-19,Front Desk,Phone Calls,7
2025-02-19,Front Desk,Guest Inquiries,13
2025-02-19,Front Desk,Complaints,6
2025-02-19,Housekeeping,Room Cleaning,12
2025-02-19,Housekeeping,Linen Change,21
2025-02-19,Housekeeping,Supply Restock,8
2025-02-19,Housekeeping,Maintenance Report,12
2025-02-19,Food & Beverage,Room Service Orders,4
2025-02-19,Food & Beverage,Buffet Service,2
2025-02-19,Food & Beverage,Table Service,19
2025-02-19,Food & Beverage,Inventory Check,11
2025-02-19,Maintenance,Fix Requests,2
2025-02-19,Maintenance,Safety Checks,10
2025-02-19,Maintenance,Equipment Maintenance,26
2025-02-19,Management,Staff Meetings,20
2025-02-19,Management,Report Preparation,10
2025-02-19,Management,Customer Feedback Review,6
2025-02-20,Front Desk,Check-ins,16
2025-02-20,Front Desk,Check-outs,16
2025-02-20,Front Desk,Phone Calls,15
2025-02-20,Front Desk,Guest Inquiries,9
2025-02-20,Front Desk,Complaints,1
2025-02-20,Housekeeping,Room Cleaning,13
2025-02-20,Housekeeping,Linen Change,13
2025-02-20,Housekeeping,Supply Restock,7
2025-02-20,Housekeeping,Maintenance Report,13
2025-02-20,Food & Beverage,Room Service Orders,4
2025-02-20,Food & Beverage,Buffet Service,7
2025-02-20,Food & Beverage,Table Service,7
2025-02-20,Food & Beverage,Inventory Check,27
2025-02-20,Maintenance,Fix Requests,2
2025-02-20,Maintenance,Safety Checks,4
2025-02-20,Maintenance,Equipment Maintenance,13
2025-02-20,Management,Staff Meetings,13
2025-02-20,Management,Report Preparation,11
2025-02-20,Management,Customer Feedback Review,1
2025-02-21,Front Desk,Check-ins,9
2025-02-21,Front Desk,Check-outs,8
2025-02-21,Front Desk,Phone Calls,1
2025-02-21,Front Desk,Guest Inquiries,8
2025-02-21,Front Desk,Complaints,6
2025-02-21,Housekeeping,Room Cleaning,3
2025-02-21,Housekeeping,Linen Change,10
2025-02-21,Housekeeping,Supply Restock,18
2025-02-21,Housekeeping,Maintenance Report,2
2025-02-21,Food & Beverage,Room Service Orders,10
2025-02-21,Food & Beverage,Buffet Service,2
2025-02-21,Food & Beverage,Table Service,21
2025-02-21,Food & Beverage,Inventory Check,11
2025-02-21,Maintenance,Fix Requests,9
2025-02-21,Maintenance,Safety Checks,12
2025-02-21,Maintenance,Equipment Maintenance,8
2025-02-21,Management,Staff Meetings,15
2025-02-21,Management,Report Preparation,12
2025-02-21,Management,Customer Feedback Review,14
2025-02-22,Front Desk,Check-ins,6
2025-02-22,Front Desk,Check-outs,19
2025-02-22,Front Desk,Phone Calls,17
2025-02-22,Front Desk,Guest Inquiries,11
2025-02-22,Front Desk,Complaints,19
2025-02-22,Housekeeping,Room Cleaning,23
2025-02-22,Housekeeping,Linen Change,7
2025-02-22,Housekeeping,Supply Restock,8
2025-02-22,Housekeeping,Maintenance Report,20
2025-02-22,Food & Beverage,Room Service Orders,10
2025-02-22,Food & Beverage,Buffet Service,15
2025-02-22,Food & Beverage,Table Service,21
2025-02-22,Food & Beverage,Inventory Check,11
2025-02-22,Maintenance,Fix Requests,2
2025-02-22,Maintenance,Safety Checks,10
2025-02-22,Maintenance,Equipment Maintenance,3
2025-02-22,Management,Staff Meetings,21
2025-02-22,Management,Report Preparation,11
2025-02-22,Management,Customer Feedback Review,9
2025-02-23,Front Desk,Check-ins,6
2025-02-23,Front Desk,Check-outs,10
2025-02-23,Front Desk,Phone Calls,7
2025-02-23,Front Desk,Guest Inquiries,26
2025-02-23,Front Desk,Complaints,2
2025-02-23,Housekeeping,Room Cleaning,5
2025-02-23,Housekeeping,Linen Change,4
2025-02-23,Housekeeping,Supply Restock,7
2025-02-23,Housekeeping,Maintenance Report,4
2025-02-23,Food & Beverage,Room Service Orders,15
2025-02-23,Food & Beverage,Buffet Service,5
2025-02-23,Food & Beverage,Table Service,15
2025-02-23,Food & Beverage,Inventory Check,3
2025-02-23,Maintenance,Fix Requests,5
2025-02-23,Maintenance,Safety Checks,13
2025-02-23,Maintenance,Equipment Maintenance,22
2025-02-23,Management,Staff Meetings,12
2025-02-23,Management,Report Preparation,6
2025-02-23,Management,Customer Feedback Review,4
2025-02-24,Front Desk,Check-ins,15
2025-02-24,Front Desk,Check-outs,16
2025-02-24,Front Desk,Phone Calls,14
2025-02-24,Front Desk,Guest Inquiries,14
2025-02-24,Front Desk,Complaints,15
2025-02-24,Housekeeping,Room Cleaning,26
2025-02-24,Housekeeping,Linen Change,6
2025-02-24,Housekeeping,Supply Restock,9
2025-02-24,Housekeeping,Maintenance Report,8
2025-02-24,Food & Beverage,Room Service Orders,22
2025-02-24,Food & Beverage,Buffet Service,9
2025-02-24,Food & Beverage,Table Service,2
2025-02-24,Food & Beverage,Inventory Check,15
2025-02-24,Maintenance,Fix Requests,10
2025-02-24,Maintenance,Safety Checks,27
2025-02-24,Maintenance,Equipment Maintenance,15
2025-02-24,Management,Staff Meetings,19
2025-02-24,Management,Report Preparation,21
2025-02-24,Management,Customer Feedback Review,8
2025-02-25,Front Desk,Check-ins,19
2025-02-25,Front Desk,Check-outs,7
2025-02-25,Front Desk,Phone Calls,14
2025-02-25,Front Desk,Guest Inquiries,6
2025-02-25,Front Desk,Complaints,5
2025-02-25,Housekeeping,Room Cleaning,7
2025-02-25,Housekeeping,Linen Change,8
2025-02-25,Housekeeping,Supply Restock,8
2025-02-25,Housekeeping,Maintenance Report,8
2025-02-25,Food & Beverage,Room Service Orders,5
2025-02-25,Food & Beverage,Buffet Service,14
2025-02-25,Food & Beverage,Table Service,18
2025-02-25,Food & Beverage,Inventory Check,17
2025-02-25,Maintenance,Fix Requests,16
2025-02-25,Maintenance,Safety Checks,16
2025-02-25,Maintenance,Equipment Maintenance,9
2025-02-25,Management,Staff Meetings,6
2025-02-25,Management,Report Preparation,19
2025-02-25,Management,Customer Feedback Review,2
2025-02-26,Front Desk,Check-ins,8
2025-02-26,Front Desk,Check-outs,4
2025-02-26,Front Desk,Phone Calls,14
2025-02-26,Front Desk,Guest Inquiries,19
2025-02-26,Front Desk,Complaints,5
2025-02-26,Housekeeping,Room Cleaning,7
2025-02-26,Housekeeping,Linen Change,6
2025-02-26,Housekeeping,Supply Restock,14
2025-02-26,Housekeeping,Maintenance Report,9
2025-02-26,Food & Beverage,Room Service Orders,3
2025-02-26,Food & Beverage,Buffet Service,17
2025-02-26,Food & Beverage,Table Service,13
2025-02-26,Food & Beverage,Inventory Check,21
2025-02-26,Maintenance,Fix Requests,3
2025-02-26,Maintenance,Safety Checks,10
2025-02-26,Maintenance,Equipment Maintenance,2
2025-02-26,Management,Staff Meetings,24
2025-02-26,Management,Report Preparation,11
2025-02-26,Management,Customer Feedback Review,6
2025-02-27,Front Desk,Check-ins,18
2025-02-27,Front Desk,Check-outs,10
2025-02-27,Front Desk,Phone Calls,5
2025-02-27,Front Desk,Guest Inquiries,12
2025-02-27,Front Desk,Complaints,8
2025-02-27,Housekeeping,Room Cleaning,0
2025-02-27,Housekeeping,Linen Change,8
2025-02-27,Housekeeping,Supply Restock,20
2025-02-27,Housekeeping,Maintenance Report,18
2025-02-27,Food & Beverage,Room Service Orders,11
2025-02-27,Food & Beverage,Buffet Service,23
2025-02-27,Food & Beverage,Table Service,24
2025-02-27,Food & Beverage,Inventory Check,15
2025-02-27,Maintenance,Fix Requests,2
2025-02-27,Maintenance,Safety Checks,26
2025-02-27,Maintenance,Equipment Maintenance,6
2025-02-27,Management,Staff Meetings,10
2025-02-27,Management,Report Preparation,8
2025-02-27,Management,Customer Feedback Review,15
2025-02-28,Front Desk,Check-ins,15
2025-02-28,Front Desk,Check-outs,9
2025-02-28,Front Desk,Phone Calls,17
2025-02-28,Front Desk,Guest Inquiries,13
2025-02-28,Front Desk,Complaints,17
2025-02-28,Housekeeping,Room Cleaning,14
2025-02-28,Housekeeping,Linen Change,5
2025-02-28,Housekeeping,Supply Restock,4
2025-02-28,Housekeeping,Maintenance Report,7
2025-02-28,Food & Beverage,Room Service Orders,5
2025-02-28,Food & Beverage,Buffet Service,7
2025-02-28,Food & Beverage,Table Service,2
2025-02-28,Food & Beverage,Inventory Check,20
2025-02-28,Maintenance,Fix Requests,20
2025-02-28,Maintenance,Safety Checks,4
2025-02-28,Maintenance,Equipment Maintenance,7
2025-02-28,Management,Staff Meetings,8
2025-02-28,Management,Report Preparation,8
2025-02-28,Management,Customer Feedback Review,11
2025-03-01,Front Desk,Check-ins,16
2025-03-01,Front Desk,Check-outs,10
2025-03-01,Front Desk,Phone Calls,18
2025-03-01,Front Desk,Guest Inquiries,15
2025-03-01,Front Desk,Complaints,13
2025-03-01,Housekeeping,Room Cleaning,21
2025-03-01,Housekeeping,Linen Change,8
2025-03-01,Housekeeping,Supply Restock,5
2025-03-01,Housekeeping,Maintenance Report,28
2025-03-01,Food & Beverage,Room Service Orders,14
2025-03-01,Food & Beverage,Buffet Service,5
2025-03-01,Food & Beverage,Table Service,10
2025-03-01,Food & Beverage,Inventory Check,13
2025-03-01,Maintenance,Fix Requests,16
2025-03-01,Maintenance,Safety Checks,8
2025-03-01,Maintenance,Equipment Maintenance,0
2025-03-01,Management,Staff Meetings,20
2025-03-01,Management,Report Preparation,12
2025-03-01,Management,Customer Feedback Review,14
2025-03-02,Front Desk,Check-ins,13
2025-03-02,Front Desk,Check-outs,19
2025-03-02,Front Desk,Phone Calls,4
2025-03-02,Front Desk,Guest Inquiries,15
2025-03-02,Front Desk,Complaints,9
2025-03-02,Housekeeping,Room Cleaning,7
2025-03-02,Housekeeping,Linen Change,8
2025-03-02,Housekeeping,Supply Restock,4
2025-03-02,Housekeeping,Maintenance Report,8
2025-03-02,Food & Beverage,Room Service Orders,5
2025-03-02,Food & Beverage,Buffet Service,13
2025-03-02,Food & Beverage,Table Service,10
2025-03-02,Food & Beverage,Inventory Check,15
2025-03-02,Maintenance,Fix Requests,10
2025-03-02,Maintenance,Safety Checks,6
2025-03-02,Maintenance,Equipment Maintenance,5
2025-03-02,Management,Staff Meetings,30
2025-03-02,Management,Report Preparation,4
2025-03-02,Management,Customer Feedback Review,18
2025-03-03,Front Desk,Check-ins,8
2025-03-03,Front Desk,Check-outs,5
2025-03-03,Front Desk,Phone Calls,11
2025-03-03,Front Desk,Guest Inquiries,1
2025-03-03,Front Desk,Complaints,1
2025-03-03,Housekeeping,Room Cleaning,2
2025-03-03,Housekeeping,Linen Change,6
2025-03-03,Housekeeping,Supply Restock,12
2025-03-03,Housekeeping,Maintenance Report,12
2025-03-03,Food & Beverage,Room Service Orders,13
2025-03-03,Food & Beverage,Buffet Service,12
2025-03-03,Food & Beverage,Table Service,18
2025-03-03,Food & Beverage,Inventory Check,0
2025-03-03,Maintenance,Fix Requests,2
2025-03-03,Maintenance,Safety Checks,20
2025-03-03,Maintenance,Equipment Maintenance,2
2025-03-03,Management,Staff Meetings,6
2025-03-03,Management,Report Preparation,9
2025-03-03,Management,Customer Feedback Review,10
2025-03-04,Front Desk,Check-ins,5
2025-03-04,Front Desk,Check-outs,19
2025-03-04,Front Desk,Phone Calls,7
2025-03-04,Front Desk,Guest Inquiries,6
2025-03-04,Front Desk,Complaints,0
2025-03-04,Housekeeping,Room Cleaning,15
2025-03-04,Housekeeping,Linen Change,10
2025-03-04,Housekeeping,Supply Restock,9
2025-03-04,Housekeeping,Maintenance Report,23
2025-03-04,Food & Beverage,Room Service Orders,10
2025-03-04,Food & Beverage,Buffet Service,12
2025-03-04,Food & Beverage,Table Service,6
2025-03-04,Food & Beverage,Inventory Check,15
2025-03-04,Maintenance,Fix Requests,2
2025-03-04,Maintenance,Safety Checks,8
2025-03-04,Maintenance,Equipment Maintenance,7
2025-03-04,Management,Staff Meetings,12
2025-03-04,Management,Report Preparation,17
2025-03-04,Management,Customer Feedback Review,14
2025-03-05,Front Desk,Check-ins,5
2025-03-05,Front Desk,Check-outs,12
2025-03-05,Front Desk,Phone Calls,21
2025-03-05,Front Desk,Guest Inquiries,10
2025-03-05,Front Desk,Complaints,2
2025-03-05,Housekeeping,Room Cleaning,12
2025-03-05,Housekeeping,Linen Change,11
2025-03-05,Housekeeping,Supply Restock,11
2025-03-05,Housekeeping,Maintenance Report,4
2025-03-05,Food & Beverage,Room Service Orders,9
2025-03-05,Food & Beverage,Buffet Service,14
2025-03-05,Food & Beverage,Table Service,8
2025-03-05,Food & Beverage,Inventory Check,13
2025-03-05,Maintenance,Fix Requests,1
2025-03-05,Maintenance,Safety Checks,18
2025-03-05,Maintenance,Equipment Maintenance,20
2025-03-05,Management,Staff Meetings,4
2025-03-05,Management,Report Preparation,6
2025-03-05,Management,Customer Feedback Review,22
2025-03-06,Front Desk,Check-ins,6
2025-03-06,Front Desk,Check-outs,14
2025-03-06,Front Desk,Phone Calls,14
2025-03-06,Front Desk,Guest Inquiries,0
2025-03-06,Front Desk,Complaints,10
2025-03-06,Housekeeping,Room Cleaning,3
2025-03-06,Housekeeping,Linen Change,13
2025-03-06,Housekeeping,Supply Restock,16
2025-03-06,Housekeeping,Maintenance Report,12
2025-03-06,Food & Beverage,Room Service Orders,15
2025-03-06,Food & Beverage,Buffet Service,13
2025-03-06,Food & Beverage,Table Service,2
2025-03-06,Food & Beverage,Inventory Check,3
2025-03-06,Maintenance,Fix Requests,3
2025-03-06,Maintenance,Safety Checks,8
2025-03-06,Maintenance,Equipment Maintenance,4
2025-03-06,Management,Staff Meetings,11
2025-03-06,Management,Report Preparation,10
2025-03-06,Management,Customer Feedback Review,12
2025-03-07,Front Desk,Check-ins,8
2025-03-07,Front Desk,Check-outs,9
2025-03-07,Front Desk,Phone Calls,22
2025-03-07,Front Desk,Guest Inquiries,15
2025-03-07,Front Desk,Complaints,1
2025-03-07,Housekeeping,Room Cleaning,13
2025-03-07,Housekeeping,Linen Change,13
2025-03-07,Housekeeping,Supply Restock,10
2025-03-07,Housekeeping,Maintenance Report,0
2025-03-07,Food & Beverage,Room Service Orders,17
2025-03-07,Food & Beverage,Buffet Service,16
2025-03-07,Food & Beverage,Table Service,10
2025-03-07,Food & Beverage,Inventory Check,11
2025-03-07,Maintenance,Fix Requests,13
2025-03-07,Maintenance,Safety Checks,12
2025-03-07,Maintenance,Equipment Maintenance,6
2025-03-07,Management,Staff Meetings,3
2025-03-07,Management,Report Preparation,14
2025-03-07,Management,Customer Feedback Review,15
2025-03-08,Front Desk,Check-ins,24
2025-03-08,Front Desk,Check-outs,10
2025-03-08,Front Desk,Phone Calls,13
2025-03-08,Front Desk,Guest Inquiries,6
2025-03-08,Front Desk,Complaints,14
2025-03-08,Housekeeping,Room Cleaning,12
2025-03-08,Housekeeping,Linen Change,7
2025-03-08,Housekeeping,Supply Restock,20
2025-03-08,Housekeeping,Maintenance Report,12
2025-03-08,Food & Beverage,Room Service Orders,14
2025-03-08,Food & Beverage,Buffet Service,17
2025-03-08,Food & Beverage,Table Service,13
2025-03-08,Food & Beverage,Inventory Check,10
2025-03-08,Maintenance,Fix Requests,16
2025-03-08,Maintenance,Safety Checks,7
2025-03-08,Maintenance,Equipment Maintenance,1
2025-03-08,Management,Staff Meetings,20
2025-03-08,Management,Report Preparation,11
2025-03-08,Management,Customer Feedback Review,4
2025-03-09,Front Desk,Check-ins,12
2025-03-09,Front Desk,Check-outs,17
2025-03-09,Front Desk,Phone Calls,4
2025-03-09,Front Desk,Guest Inquiries,5
2025-03-09,Front Desk,Complaints,9
2025-03-09,Housekeeping,Room Cleaning,12
2025-03-09,Housekeeping,Linen Change,2
2025-03-09,Housekeeping,Supply Restock,14
2025-03-09,Housekeeping,Maintenance Report,4
2025-03-09,Food & Beverage,Room Service Orders,15
2025-03-09,Food & Beverage,Buffet Service,7
2025-03-09,Food & Beverage,Table Service,1
2025-03-09,Food & Beverage,Inventory Check,4
2025-03-09,Maintenance,Fix Requests,4
2025-03-09,Maintenance,Safety Checks,4
2025-03-09,Maintenance,Equipment Maintenance,21
2025-03-09,Management,Staff Meetings,9
2025-03-09,Management,Report Preparation,12
2025-03-09,Management,Customer Feedback Review,11
2025-03-10,Front Desk,Check-ins,16
2025-03-10,Front Desk,Check-outs,2
2025-03-10,Front Desk,Phone Calls,5
2025-03-10,Front Desk,Guest Inquiries,11
2025-03-10,Front Desk,Complaints,3
2025-03-10,Housekeeping,Room Cleaning,12
2025-03-10,Housekeeping,Linen Change,13
2025-03-10,Housekeeping,Supply Restock,21
2025-03-10,Housekeeping,Maintenance Report,16
2025-03-10,Food & Beverage,Room Service Orders,14
2025-03-10,Food & Beverage,Buffet Service,9
2025-03-10,Food & Beverage,Table Service,5
2025-03-10,Food & Beverage,Inventory Check,11
2025-03-10,Maintenance,Fix Requests,26
2025-03-10,Maintenance,Safety Checks,21
2025-03-10,Maintenance,Equipment Maintenance,12
2025-03-10,Management,Staff Meetings,3
2025-03-10,Management,Report Preparation,9
2025-03-10,Management,Customer Feedback Review,10
2025-03-11,Front Desk,Check-ins,11
2025-03-11,Front Desk,Check-outs,10
2025-03-11,Front Desk,Phone Calls,1
2025-03-11,Front Desk,Guest Inquiries,4
2025-03-11,Front Desk,Complaints,13
2025-03-11,Housekeeping,Room Cleaning,2
2025-03-11,Housekeeping,Linen Change,8
2025-03-11,Housekeeping,Supply Restock,10
2025-03-11,Housekeeping,Maintenance Report,5
2025-03-11,Food & Beverage,Room Service Orders,16
2025-03-11,Food & Beverage,Buffet Service,13
2025-03-11,Food & Beverage,Table Service,20
2025-03-11,Food & Beverage,Inventory Check,8
2025-03-11,Maintenance,Fix Requests,6
2025-03-11,Maintenance,Safety Checks,16
2025-03-11,Maintenance,Equipment Maintenance,11
2025-03-11,Management,Staff Meetings,11
2025-03-11,Management,Report Preparation,19
2025-03-11,Management,Customer Feedback Review,10
2025-03-12,Front Desk,Check-ins,12
2025-03-12,Front Desk,Check-outs,5
2025-03-12,Front Desk,Phone Calls,12
2025-03-12,Front Desk,Guest Inquiries,12
2025-03-12,Front Desk,Complaints,12
2025-03-12,Housekeeping,Room Cleaning,17
2025-03-12,Housekeeping,Linen Change,13
2025-03-12,Housekeeping,Supply Restock,6
2025-03-12,Housekeeping,Maintenance Report,16
2025-03-12,Food & Beverage,Room Service Orders,24
2025-03-12,Food & Beverage,Buffet Service,7
2025-03-12,Food & Beverage,Table Service,16
2025-03-12,Food & Beverage,Inventory Check,17
2025-03-12,Maintenance,Fix Requests,8
2025-03-12,Maintenance,Safety Checks,13
2025-03-12,Maintenance,Equipment Maintenance,14
2025-03-12,Management,Staff Meetings,14
2025-03-12,Management,Report Preparation,6
2025-03-12,Management,Customer Feedback Review,12
2025-03-13,Front Desk,Check-ins,5
2025-03-13,Front Desk,Check-outs,9
2025-03-13,Front Desk,Phone Calls,13
2025-03-13,Front Desk,Guest Inquiries,6
2025-03-13,Front Desk,Complaints,9
2025-03-13,Housekeeping,Room Cleaning,11
2025-03-13,Housekeeping,Linen Change,0
2025-03-13,Housekeeping,Supply Restock,2
2025-03-13,Housekeeping,Maintenance Report,9
2025-03-13,Food & Beverage,Room Service Orders,3
2025-03-13,Food & Beverage,Buffet Service,4
2025-03-13,Food & Beverage,Table Service,18
2025-03-13,Food & Beverage,Inventory Check,2
2025-03-13,Maintenance,Fix Requests,18
2025-03-13,Maintenance,Safety Checks,12
2025-03-13,Maintenance,Equipment Maintenance,10
2025-03-13,Management,Staff Meetings,13
2025-03-13,Management,Report Preparation,17
2025-03-13,Management,Customer Feedback Review,23
2025-03-14,Front Desk,Check-ins,20
2025-03-14,Front Desk,Check-outs,11
2025-03-14,Front Desk,Phone Calls,11
2025-03-14,Front Desk,Guest Inquiries,9
2025-03-14,Front Desk,Complaints,3
2025-03-14,Housekeeping,Room Cleaning,11
2025-03-14,Housekeeping,Linen Change,2
2025-03-14,Housekeeping,Supply Restock,8
2025-03-14,Housekeeping,Maintenance Report,18
2025-03-14,Food & Beverage,Room Service Orders,11
2025-03-14,Food & Beverage,Buffet Service,7
2025-03-14,Food & Beverage,Table Service,7
2025-03-14,Food & Beverage,Inventory Check,11
2025-03-14,Maintenance,Fix Requests,8
2025-03-14,Maintenance,Safety Checks,10
2025-03-14,Maintenance,Equipment Maintenance,3
2025-03-14,Management,Staff Meetings,3
2025-03-14,Management,Report Preparation,16
2025-03-14,Management,Customer Feedback Review,8
2025-03-15,Front Desk,Check-ins,23
2025-03-15,Front Desk,Check-outs,12
2025-03-15,Front Desk,Phone Calls,17
2025-03-15,Front Desk,Guest Inquiries,8
2025-03-15,Front Desk,Complaints,7
2025-03-15,Housekeeping,Room Cleaning,3
2025-03-15,Housekeeping,Linen Change,11
2025-03-15,Housekeeping,Supply Restock,10
2025-03-15,Housekeeping,Maintenance Report,17
2025-03-15,Food & Beverage,Room Service Orders,15
2025-03-15,Food & Beverage,Buffet Service,7
2025-03-15,Food & Beverage,Table Service,24
2025-03-15,Food & Beverage,Inventory Check,13
2025-03-15,Maintenance,Fix Requests,20
2025-03-15,Maintenance,Safety Checks,5
2025-03-15,Maintenance,Equipment Maintenance,13
2025-03-15,Management,Staff Meetings,15
2025-03-15,Management,Report Preparation,20
2025-03-15,Management,Customer Feedback Review,18
2025-03-16,Front Desk,Check-ins,12
2025-03-16,Front Desk,Check-outs,12
2025-03-16,Front Desk,Phone Calls,3
2025-03-16,Front Desk,Guest Inquiries,14
2025-03-16,Front Desk,Complaints,3
2025-03-16,Housekeeping,Room Cleaning,19
2025-03-16,Housekeeping,Linen Change,5
2025-03-16,Housekeeping,Supply Restock,16
2025-03-16,Housekeeping,Maintenance Report,4
2025-03-16,Food & Beverage,Room Service Orders,11
2025-03-16,Food & Beverage,Buffet Service,14
2025-03-16,Food & Beverage,Table Service,22
2025-03-16,Food & Beverage,Inventory Check,15
2025-03-16,Maintenance,Fix Requests,14
2025-03-16,Maintenance,Safety Checks,4
2025-03-16,Maintenance,Equipment Maintenance,9
2025-03-16,Management,Staff Meetings,13
2025-03-16,Management,Report Preparation,4
2025-03-16,Management,Customer Feedback Review,9
2025-03-17,Front Desk,Check-ins,12
2025-03-17,Front Desk,Check-outs,18
2025-03-17,Front Desk,Phone Calls,15
2025-03-17,Front Desk,Guest Inquiries,8
2025-03-17,Front Desk,Complaints,11
2025-03-17,Housekeeping,Room Cleaning,9
2025-03-17,Housekeeping,Linen Change,8
2025-03-17,Housekeeping,Supply Restock,22
2025-03-17,Housekeeping,Maintenance Report,14
2025-03-17,Food & Beverage,Room Service Orders,9
2025-03-17,Food & Beverage,Buffet Service,11
2025-03-17,Food & Beverage,Table Service,10
2025-03-17,Food & Beverage,Inventory Check,12
2025-03-17,Maintenance,Fix Requests,18
2025-03-17,Maintenance,Safety Checks,6
2025-03-17,Maintenance,Equipment Maintenance,9
2025-03-17,Management,Staff Meetings,6
2025-03-17,Management,Report Preparation,7
2025-03-17,Management,Customer Feedback Review,12
2025-03-18,Front Desk,Check-ins,8
2025-03-18,Front Desk,Check-outs,6
2025-03-18,Front Desk,Phone Calls,9
2025-03-18,Front Desk,Guest Inquiries,8
2025-03-18,Front Desk,Complaints,3
2025-03-18,Housekeeping,Room Cleaning,11
2025-03-18,Housekeeping,Linen Change,12
2025-03-18,Housekeeping,Supply Restock,17
2025-03-18,Housekeeping,Maintenance Report,5
2025-03-18,Food & Beverage,Room Service Orders,6
2025-03-18,Food & Beverage,Buffet Service,16
2025-03-18,Food & Beverage,Table Service,19
2025-03-18,Food & Beverage,Inventory Check,13
2025-03-18,Maintenance,Fix Requests,9
2025-03-18,Maintenance,Safety Checks,17
2025-03-18,Maintenance,Equipment Maintenance,6
2025-03-18,Management,Staff Meetings,11
2025-03-18,Management,Report Preparation,7
2025-03-18,Management,Customer Feedback Review,13
2025-03-19,Front Desk,Check-ins,3
2025-03-19,Front Desk,Check-outs,23
2025-03-19,Front Desk,Phone Calls,7
2025-03-19,Front Desk,Guest Inquiries,11
2025-03-19,Front Desk,Complaints,4
2025-03-19,Housekeeping,Room Cleaning,23
2025-03-19,Housekeeping,Linen Change,4
2025-03-19,Housekeeping,Supply Restock,8
2025-03-19,Housekeeping,Maintenance Report,29
2025-03-19,Food & Beverage,Room Service Orders,6
2025-03-19,Food & Beverage,Buffet Service,12
2025-03-19,Food & Beverage,Table Service,7
2025-03-19,Food & Beverage,Inventory Check,12
2025-03-19,Maintenance,Fix Requests,9
2025-03-19,Maintenance,Safety Checks,14
2025-03-19,Maintenance,Equipment Maintenance,21
2025-03-19,Management,Staff Meetings,9
2025-03-19,Management,Report Preparation,11
2025-03-19,Management,Customer Feedback Review,12
2025-03-20,Front Desk,Check-ins,9
2025-03-20,Front Desk,Check-outs,24
2025-03-20,Front Desk,Phone Calls,7
2025-03-20,Front Desk,Guest Inquiries,18
2025-03-20,Front Desk,Complaints,13
2025-03-20,Housekeeping,Room Cleaning,9
2025-03-20,Housekeeping,Linen Change,3
2025-03-20,Housekeeping,Supply Restock,2
2025-03-20,Housekeeping,Maintenance Report,17
2025-03-20,Food & Beverage,Room Service Orders,7
2025-03-20,Food & Beverage,Buffet Service,7
2025-03-20,Food & Beverage,Table Service,17
2025-03-20,Food & Beverage,Inventory Check,1
2025-03-20,Maintenance,Fix Requests,12
2025-03-20,Maintenance,Safety Checks,13
2025-03-20,Maintenance,Equipment Maintenance,19
2025-03-20,Management,Staff Meetings,7
2025-03-20,Management,Report Preparation,3
2025-03-20,Management,Customer Feedback Review,5
2025-03-21,Front Desk,Check-ins,22
2025-03-21,Front Desk,Check-outs,9
2025-03-21,Front Desk,Phone Calls,20
2025-03-21,Front Desk,Guest Inquiries,7
2025-03-21,Front Desk,Complaints,19
2025-03-21,Housekeeping,Room Cleaning,18
2025-03-21,Housekeeping,Linen Change,9
2025-03-21,Housekeeping,Supply Restock,7
2025-03-21,Housekeeping,Maintenance Report,0
2025-03-21,Food & Beverage,Room Service Orders,6
2025-03-21,Food & Beverage,Buffet Service,16
2025-03-21,Food & Beverage,Table Service,7
2025-03-21,Food & Beverage,Inventory Check,19
2025-03-21,Maintenance,Fix Requests,4
2025-03-21,Maintenance,Safety Checks,16
2025-03-21,Maintenance,Equipment Maintenance,12
2025-03-21,Management,Staff Meetings,7
2025-03-21,Management,Report Preparation,14
2025-03-21,Management,Customer Feedback Review,3
2025-03-22,Front Desk,Check-ins,13
2025-03-22,Front Desk,Check-outs,11
2025-03-22,Front Desk,Phone Calls,8
2025-03-22,Front Desk,Guest Inquiries,16
2025-03-22,Front Desk,Complaints,25
2025-03-22,Housekeeping,Room Cleaning,5
2025-03-22,Housekeeping,Linen Change,0
2025-03-22,Housekeeping,Supply Restock,2
2025-03-22,Housekeeping,Maintenance Report,7
2025-03-22,Food & Beverage,Room Service Orders,14
2025-03-22,Food & Beverage,Buffet Service,21
2025-03-22,Food & Beverage,Table Service,21
2025-03-22,Food & Beverage,Inventory Check,18
2025-03-22,Maintenance,Fix Requests,3
2025-03-22,Maintenance,Safety Checks,7
2025-03-22,Maintenance,Equipment Maintenance,13
2025-03-22,Management,Staff Meetings,11
2025-03-22,Management,Report Preparation,19
2025-03-22,Management,Customer Feedback Review,6
2025-03-23,Front Desk,Check-ins,11
2025-03-23,Front Desk,Check-outs,12
2025-03-23,Front Desk,Phone Calls,9
2025-03-23,Front Desk,Guest Inquiries,11
2025-03-23,Front Desk,Complaints,11
2025-03-23,Housekeeping,Room Cleaning,7
2025-03-23,Housekeeping,Linen Change,4
2025-03-23,Housekeeping,Supply Restock,14
2025-03-23,Housekeeping,Maintenance Report,10
2025-03-23,Food & Beverage,Room Service Orders,3
2025-03-23,Food & Beverage,Buffet Service,15
2025-03-23,Food & Beverage,Table Service,11
2025-03-23,Food & Beverage,Inventory Check,18
2025-03-23,Maintenance,Fix Requests,4
2025-03-23,Maintenance,Safety Checks,6
2025-03-23,Maintenance,Equipment Maintenance,14
2025-03-23,Management,Staff Meetings,9
2025-03-23,Management,Report Preparation,12
2025-03-23,Management,Customer Feedback Review,14
2025-03-24,Front Desk,Check-ins,16
2025-03-24,Front Desk,Check-outs,23
2025-03-24,Front Desk,Phone Calls,15
2025-03-24,Front Desk,Guest Inquiries,17
2025-03-24,Front Desk,Complaints,4
2025-03-24,Housekeeping,Room Cleaning,2
2025-03-24,Housekeeping,Linen Change,14
2025-03-24,Housekeeping,Supply Restock,26
2025-03-24,Housekeeping,Maintenance Report,3
2025-03-24,Food & Beverage,Room Service Orders,12
2025-03-24,Food & Beverage,Buffet Service,5
2025-03-24,Food & Beverage,Table Service,5
2025-03-24,Food & Beverage,Inventory Check,5
2025-03-24,Maintenance,Fix Requests,7
2025-03-24,Maintenance,Safety Checks,23
2025-03-24,Maintenance,Equipment Maintenance,12
2025-03-24,Management,Staff Meetings,18
2025-03-24,Management,Report Preparation,13
2025-03-24,Management,Customer Feedback Review,9
2025-03-25,Front Desk,Check-ins,17
2025-03-25,Front Desk,Check-outs,3
2025-03-25,Front Desk,Phone Calls,3
2025-03-25,Front Desk,Guest Inquiries,4
2025-03-25,Front Desk,Complaints,2
2025-03-25,Housekeeping,Room Cleaning,25
2025-03-25,Housekeeping,Linen Change,17
2025-03-25,Housekeeping,Supply Restock,18
2025-03-25,Housekeeping,Maintenance Report,4
2025-03-25,Food & Beverage,Room Service Orders,9
2025-03-25,Food & Beverage,Buffet Service,5
2025-03-25,Food & Beverage,Table Service,0
2025-03-25,Food & Beverage,Inventory Check,1
2025-03-25,Maintenance,Fix Requests,20
2025-03-25,Maintenance,Safety Checks,1
2025-03-25,Maintenance,Equipment Maintenance,13
2025-03-25,Management,Staff Meetings,11
2025-03-25,Management,Report Preparation,12
2025-03-25,Management,Customer Feedback Review,6
2025-03-26,Front Desk,Check-ins,13
2025-03-26,Front Desk,Check-outs,12
2025-03-26,Front Desk,Phone Calls,9
2025-03-26,Front Desk,Guest Inquiries,4
2025-03-26,Front Desk,Complaints,7
2025-03-26,Housekeeping,Room Cleaning,20
2025-03-26,Housekeeping,Linen Change,17
2025-03-26,Housekeeping,Supply Restock,17
2025-03-26,Housekeeping,Maintenance Report,7
2025-03-26,Food & Beverage,Room Service Orders,16
2025-03-26,Food & Beverage,Buffet Service,4
2025-03-26,Food & Beverage,Table Service,6
2025-03-26,Food & Beverage,Inventory Check,8
2025-03-26,Maintenance,Fix Requests,19
2025-03-26,Maintenance,Safety Checks,13
2025-03-26,Maintenance,Equipment Maintenance,15
2025-03-26,Management,Staff Meetings,10
2025-03-26,Management,Report Preparation,19
2025-03-26,Management,Customer Feedback Review,21
2025-03-27,Front Desk,Check-ins,6
2025-03-27,Front Desk,Check-outs,13
2025-03-27,Front Desk,Phone Calls,14
2025-03-27,Front Desk,Guest Inquiries,20
2025-03-27,Front Desk,Complaints,13
2025-03-27,Housekeeping,Room Cleaning,4
2025-03-27,Housekeeping,Linen Change,20
2025-03-27,Housekeeping,Supply Restock,10
2025-03-27,Housekeeping,Maintenance Report,14
2025-03-27,Food & Beverage,Room Service Orders,11
2025-03-27,Food & Beverage,Buffet Service,6
2025-03-27,Food & Beverage,Table Service,2
2025-03-27,Food & Beverage,Inventory Check,4
2025-03-27,Maintenance,Fix Requests,13
2025-03-27,Maintenance,Safety Checks,14
2025-03-27,Maintenance,Equipment Maintenance,28
2025-03-27,Management,Staff Meetings,7
2025-03-27,Management,Report Preparation,8
2025-03-27,Management,Customer Feedback Review,27
2025-03-28,Front Desk,Check-ins,2
2025-03-28,Front Desk,Check-outs,8
2025-03-28,Front Desk,Phone Calls,21
2025-03-28,Front Desk,Guest Inquiries,16
2025-03-28,Front Desk,Complaints,4
2025-03-28,Housekeeping,Room Cleaning,9
2025-03-28,Housekeeping,Linen Change,11
2025-03-28,Housekeeping,Supply Restock,13
2025-03-28,Housekeeping,Maintenance Report,8
2025-03-28,Food & Beverage,Room Service Orders,6
2025-03-28,Food & Beverage,Buffet Service,7
2025-03-28,Food & Beverage,Table Service,20
2025-03-28,Food & Beverage,Inventory Check,14
2025-03-28,Maintenance,Fix Requests,27
2025-03-28,Maintenance,Safety Checks,17
2025-03-28,Maintenance,Equipment Maintenance,9
2025-03-28,Management,Staff Meetings,5
2025-03-28,Management,Report Preparation,7
2025-03-28,Management,Customer Feedback Review,4
2025-03-29,Front Desk,Check-ins,9
2025-03-29,Front Desk,Check-outs,28
2025-03-29,Front Desk,Phone Calls,16
2025-03-29,Front Desk,Guest Inquiries,18
2025-03-29,Front Desk,Complaints,5
2025-03-29,Housekeeping,Room Cleaning,2
2025-03-29,Housekeeping,Linen Change,10
2025-03-29,Housekeeping,Supply Restock,26
2025-03-29,Housekeeping,Maintenance Report,24
2025-03-29,Food & Beverage,Room Service Orders,23
2025-03-29,Food & Beverage,Buffet Service,3
2025-03-29,Food & Beverage,Table Service,10
2025-03-29,Food & Beverage,Inventory Check,14
2025-03-29,Maintenance,Fix Requests,22
2025-03-29,Maintenance,Safety Checks,8
2025-03-29,Maintenance,Equipment Maintenance,14
2025-03-29,Management,Staff Meetings,0
2025-03-29,Management,Report Preparation,14
2025-03-29,Management,Customer Feedback Review,10
2025-03-30,Front Desk,Check-ins,3
2025-03-30,Front Desk,Check-outs,10
2025-03-30,Front Desk,Phone Calls,13
2025-03-30,Front Desk,Guest Inquiries,15
2025-03-30,Front Desk,Complaints,7
2025-03-30,Housekeeping,Room Cleaning,4
2025-03-30,Housekeeping,Linen Change,8
2025-03-30,Housekeeping,Supply Restock,0
2025-03-30,Housekeeping,Maintenance Report,8
2025-03-30,Food & Beverage,Room Service Orders,14
2025-03-30,Food & Beverage,Buffet Service,21
2025-03-30,Food & Beverage,Table Service,16
2025-03-30,Food & Beverage,Inventory Check,7
2025-03-30,Maintenance,Fix Requests,4
2025-03-30,Maintenance,Safety Checks,9
2025-03-30,Maintenance,Equipment Maintenance,2
2025-03-30,Management,Staff Meetings,10
2025-03-30,Management,Report Preparation,20
2025-03-30,Management,Customer Feedback Review,25
2025-03-31,Front Desk,Check-ins,8
2025-03-31,Front Desk,Check-outs,8
2025-03-31,Front Desk,Phone Calls,17
2025-03-31,Front Desk,Guest Inquiries,20
2025-03-31,Front Desk,Complaints,0
2025-03-31,Housekeeping,Room Cleaning,18
2025-03-31,Housekeeping,Linen Change,1
2025-03-31,Housekeeping,Supply Restock,7
2025-03-31,Housekeeping,Maintenance Report,13
2025-03-31,Food & Beverage,Room Service Orders,11
2025-03-31,Food & Beverage,Buffet Service,15
2025-03-31,Food & Beverage,Table Service,12
2025-03-31,Food & Beverage,Inventory Check,8
2025-03-31,Maintenance,Fix Requests,10
2025-03-31,Maintenance,Safety Checks,15
2025-03-31,Maintenance,Equipment Maintenance,13
2025-03-31,Management,Staff Meetings,11
2025-03-31,Management,Report Preparation,0
2025-03-31,Management,Customer Feedback Review,21
2025-04-01,Front Desk,Check-ins,12
2025-04-01,Front Desk,Check-outs,10
2025-04-01,Front Desk,Phone Calls,14
2025-04-01,Front Desk,Guest Inquiries,6
2025-04-01,Front Desk,Complaints,6
2025-04-01,Housekeeping,Room Cleaning,3
2025-04-01,Housekeeping,Linen Change,4
2025-04-01,Housekeeping,Supply Restock,4
2025-04-01,Housekeeping,Maintenance Report,3
2025-04-01,Food & Beverage,Room Service Orders,17
2025-04-01,Food & Beverage,Buffet Service,12
2025-04-01,Food & Beverage,Table Service,10
2025-04-01,Food & Beverage,Inventory Check,5
2025-04-01,Maintenance,Fix Requests,1
2025-04-01,Maintenance,Safety Checks,19
2025-04-01,Maintenance,Equipment Maintenance,8
2025-04-01,Management,Staff Meetings,7
2025-04-01,Management,Report Preparation,16
2025-04-01,Management,Customer Feedback Review,14
2025-04-02,Front Desk,Check-ins,14
2025-04-02,Front Desk,Check-outs,13
2025-04-02,Front Desk,Phone Calls,21
2025-04-02,Front Desk,Guest Inquiries,13
2025-04-02,Front Desk,Complaints,11
2025-04-02,Housekeeping,Room Cleaning,2
2025-04-02,Housekeeping,Linen Change,14
2025-04-02,Housekeeping,Supply Restock,5
2025-04-02,Housekeeping,Maintenance Report,15
2025-04-02,Food & Beverage,Room Service Orders,20
2025-04-02,Food & Beverage,Buffet Service,17
2025-04-02,Food & Beverage,Table Service,23
2025-04-02,Food & Beverage,Inventory Check,5
2025-04-02,Maintenance,Fix Requests,9
2025-04-02,Maintenance,Safety Checks,2
2025-04-02,Maintenance,Equipment Maintenance,22
2025-04-02,Management,Staff Meetings,8
2025-04-02,Management,Report Preparation,9
2025-04-02,Management,Customer Feedback Review,6
2025-04-03,Front Desk,Check-ins,7
2025-04-03,Front Desk,Check-outs,2
2025-04-03,Front Desk,Phone Calls,9
2025-04-03,Front Desk,Guest Inquiries,27
2025-04-03,Front Desk,Complaints,17
2025-04-03,Housekeeping,Room Cleaning,3
2025-04-03,Housekeeping,Linen Change,17
2025-04-03,Housekeeping,Supply Restock,17
2025-04-03,Housekeeping,Maintenance Report,20
2025-04-03,Food & Beverage,Room Service Orders,24
2025-04-03,Food & Beverage,Buffet Service,7
2025-04-03,Food & Beverage,Table Service,27
2025-04-03,Food & Beverage,Inventory Check,4
2025-04-03,Maintenance,Fix Requests,11
2025-04-03,Maintenance,Safety Checks,22
2025-04-03,Maintenance,Equipment Maintenance,24
2025-04-03,Management,Staff Meetings,13
2025-04-03,Management,Report Preparation,8
2025-04-03,Management,Customer Feedback Review,12
2025-04-04,Front Desk,Check-ins,17
2025-04-04,Front Desk,Check-outs,13
2025-04-04,Front Desk,Phone Calls,16
2025-04-04,Front Desk,Guest Inquiries,9
2025-04-04,Front Desk,Complaints,5
2025-04-04,Housekeeping,Room Cleaning,7
2025-04-04,Housekeeping,Linen Change,3
2025-04-04,Housekeeping,Supply Restock,12
2025-04-04,Housekeeping,Maintenance Report,9
2025-04-04,Food & Beverage,Room Service Orders,14
2025-04-04,Food & Beverage,Buffet Service,5
2025-04-04,Food & Beverage,Table Service,15
2025-04-04,Food & Beverage,Inventory Check,11
2025-04-04,Maintenance,Fix Requests,0
2025-04-04,Maintenance,Safety Checks,4
2025-04-04,Maintenance,Equipment Maintenance,18
2025-04-04,Management,Staff Meetings,8
2025-04-04,Management,Report Preparation,13
2025-04-04,Management,Customer Feedback Review,12
2025-04-05,Front Desk,Check-ins,7
2025-04-05,Front Desk,Check-outs,7
2025-04-05,Front Desk,Phone Calls,5
2025-04-05,Front Desk,Guest Inquiries,15
2025-04-05,Front Desk,Complaints,13
2025-04-05,Housekeeping,Room Cleaning,5
2025-04-05,Housekeeping,Linen Change,11
2025-04-05,Housekeeping,Supply Restock,12
2025-04-05,Housekeeping,Maintenance Report,9
2025-04-05,Food & Beverage,Room Service Orders,19
2025-04-05,Food & Beverage,Buffet Service,18
2025-04-05,Food & Beverage,Table Service,4
2025-04-05,Food & Beverage,Inventory Check,24
2025-04-05,Maintenance,Fix Requests,22
2025-04-05,Maintenance,Safety Checks,8
2025-04-05,Maintenance,Equipment Maintenance,17
2025-04-05,Management,Staff Meetings,0
2025-04-05,Management,Report Preparation,5
2025-04-05,Management,Customer Feedback Review,3
2025-04-06,Front Desk,Check-ins,8
2025-04-06,Front Desk,Check-outs,13
2025-04-06,Front Desk,Phone Calls,15
2025-04-06,Front Desk,Guest Inquiries,8
2025-04-06,Front Desk,Complaints,22
2025-04-06,Housekeeping,Room Cleaning,15
2025-04-06,Housekeeping,Linen Change,2
2025-04-06,Housekeeping,Supply Restock,9
2025-04-06,Housekeeping,Maintenance Report,17
2025-04-06,Food & Beverage,Room Service Orders,14
2025-04-06,Food & Beverage,Buffet Service,8
2025-04-06,Food & Beverage,Table Service,3
2025-04-06,Food & Beverage,Inventory Check,16
2025-04-06,Maintenance,Fix Requests,5
2025-04-06,Maintenance,Safety Checks,14
2025-04-06,Maintenance,Equipment Maintenance,16
2025-04-06,Management,Staff Meetings,2
2025-04-06,Management,Report Preparation,4
2025-04-06,Management,Customer Feedback Review,20
2025-04-07,Front Desk,Check-ins,6
2025-04-07,Front Desk,Check-outs,8
2025-04-07,Front Desk,Phone Calls,13
2025-04-07,Front Desk,Guest Inquiries,3
2025-04-07,Front Desk,Complaints,12
2025-04-07,Housekeeping,Room Cleaning,3
2025-04-07,Housekeeping,Linen Change,4
2025-04-07,Housekeeping,Supply Restock,23
2025-04-07,Housekeeping,Maintenance Report,11
2025-04-07,Food & Beverage,Room Service Orders,10
2025-04-07,Food & Beverage,Buffet Service,13
2025-04-07,Food & Beverage,Table Service,6
2025-04-07,Food & Beverage,Inventory Check,2
2025-04-07,Maintenance,Fix Requests,17
2025-04-07,Maintenance,Safety Checks,10
2025-04-07,Maintenance,Equipment Maintenance,20
2025-04-07,Management,Staff Meetings,5
2025-04-07,Management,Report Preparation,17
2025-04-07,Management,Customer Feedback Review,3
2025-04-08,Front Desk,Check-ins,10
2025-04-08,Front Desk,Check-outs,4
2025-04-08,Front Desk,Phone Calls,6
2025-04-08,Front Desk,Guest Inquiries,2
2025-04-08,Front Desk,Complaints,10
2025-04-08,Housekeeping,Room Cleaning,10
2025-04-08,Housekeeping,Linen Change,23
2025-04-08,Housekeeping,Supply Restock,9
2025-04-08,Housekeeping,Maintenance Report,14
2025-04-08,Food & Beverage,Room Service Orders,9
2025-04-08,Food & Beverage,Buffet Service,20
2025-04-08,Food & Beverage,Table Service,7
2025-04-08,Food & Beverage,Inventory Check,7
2025-04-08,Maintenance,Fix Requests,15
2025-04-08,Maintenance,Safety Checks,3
2025-04-08,Maintenance,Equipment Maintenance,17
2025-04-08,Management,Staff Meetings,13
2025-04-08,Management,Report Preparation,13
2025-04-08,Management,Customer Feedback Review,3
2025-04-09,Front Desk,Check-ins,3
2025-04-09,Front Desk,Check-outs,8
2025-04-09,Front Desk,Phone Calls,21
2025-04-09,Front Desk,Guest Inquiries,5
2025-04-09,Front Desk,Complaints,8
2025-04-09,Housekeeping,Room Cleaning,2
2025-04-09,Housekeeping,Linen Change,20
2025-04-09,Housekeeping,Supply Restock,17
2025-04-09,Housekeeping,Maintenance Report,6
2025-04-09,Food & Beverage,Room Service Orders,20
2025-04-09,Food & Beverage,Buffet Service,2
2025-04-09,Food & Beverage,Table Service,29
2025-04-09,Food & Beverage,Inventory Check,22
2025-04-09,Maintenance,Fix Requests,2
2025-04-09,Maintenance,Safety Checks,12
2025-04-09,Maintenance,Equipment Maintenance,18
2025-04-09,Management,Staff Meetings,2
2025-04-09,Management,Report Preparation,5
2025-04-09,Management,Customer Feedback Review,5
2025-04-10,Front Desk,Check-ins,14
2025-04-10,Front Desk,Check-outs,22
2025-04-10,Front Desk,Phone Calls,13
2025-04-10,Front Desk,Guest Inquiries,7
2025-04-10,Front Desk,Complaints,8
2025-04-10,Housekeeping,Room Cleaning,5
2025-04-10,Housekeeping,Linen Change,20
2025-04-10,Housekeeping,Supply Restock,13
2025-04-10,Housekeeping,Maintenance Report,3
2025-04-10,Food & Beverage,Room Service Orders,13
2025-04-10,Food & Beverage,Buffet Service,15
2025-04-10,Food & Beverage,Table Service,6
2025-04-10,Food & Beverage,Inventory Check,13
2025-04-10,Maintenance,Fix Requests,11
2025-04-10,Maintenance,Safety Checks,14
2025-04-10,Maintenance,Equipment Maintenance,4
2025-04-10,Management,Staff Meetings,11
2025-04-10,Management,Report Preparation,12
2025-04-10,Management,Customer Feedback Review,13
2025-04-11,Front Desk,Check-ins,4
2025-04-11,Front Desk,Check-outs,3
2025-04-11,Front Desk,Phone Calls,21
2025-04-11,Front Desk,Guest Inquiries,2
2025-04-11,Front Desk,Complaints,10
2025-04-11,Housekeeping,Room Cleaning,3
2025-04-11,Housekeeping,Linen Change,8
2025-04-11,Housekeeping,Supply Restock,10
2025-04-11,Housekeeping,Maintenance Report,12
2025-04-11,Food & Beverage,Room Service Orders,14
2025-04-11,Food & Beverage,Buffet Service,13
2025-04-11,Food & Beverage,Table Service,11
2025-04-11,Food & Beverage,Inventory Check,14
2025-04-11,Maintenance,Fix Requests,6
2025-04-11,Maintenance,Safety Checks,7
2025-04-11,Maintenance,Equipment Maintenance,18
2025-04-11,Management,Staff Meetings,16
2025-04-11,Management,Report Preparation,7
2025-04-11,Management,Customer Feedback Review,18
2025-04-12,Front Desk,Check-ins,15
2025-04-12,Front Desk,Check-outs,7
2025-04-12,Front Desk,Phone Calls,4
2025-04-12,Front Desk,Guest Inquiries,20
2025-04-12,Front Desk,Complaints,11
2025-04-12,Housekeeping,Room Cleaning,3
2025-04-12,Housekeeping,Linen Change,4
2025-04-12,Housekeeping,Supply Restock,11
2025-04-12,Housekeeping,Maintenance Report,19
2025-04-12,Food & Beverage,Room Service Orders,11
2025-04-12,Food & Beverage,Buffet Service,25
2025-04-12,Food & Beverage,Table Service,4
2025-04-12,Food & Beverage,Inventory Check,14
2025-04-12,Maintenance,Fix Requests,3
2025-04-12,Maintenance,Safety Checks,7
2025-04-12,Maintenance,Equipment Maintenance,7
2025-04-12,Management,Staff Meetings,15
2025-04-12,Management,Report Preparation,6
2025-04-12,Management,Customer Feedback Review,19
2025-04-13,Front Desk,Check-ins,6
2025-04-13,Front Desk,Check-outs,13
2025-04-13,Front Desk,Phone Calls,1
2025-04-13,Front Desk,Guest Inquiries,5
2025-04-13,Front Desk,Complaints,9
2025-04-13,Housekeeping,Room Cleaning,22
2025-04-13,Housekeeping,Linen Change,10
2025-04-13,Housekeeping,Supply Restock,5
2025-04-13,Housekeeping,Maintenance Report,14
2025-04-13,Food & Beverage,Room Service Orders,12
2025-04-13,Food & Beverage,Buffet Service,8
2025-04-13,Food & Beverage,Table Service,19
2025-04-13,Food & Beverage,Inventory Check,3
2025-04-13,Maintenance,Fix Requests,8
2025-04-13,Maintenance,Safety Checks,0
2025-04-13,Maintenance,Equipment Maintenance,8
2025-04-13,Management,Staff Meetings,11
2025-04-13,Management,Report Preparation,13
2025-04-13,Management,Customer Feedback Review,8
2025-04-14,Front Desk,Check-ins,8
2025-04-14,Front Desk,Check-outs,4
2025-04-14,Front Desk,Phone Calls,15
2025-04-14,Front Desk,Guest Inquiries,5
2025-04-14,Front Desk,Complaints,3
2025-04-14,Housekeeping,Room Cleaning,14
2025-04-14,Housekeeping,Linen Change,12
2025-04-14,Housekeeping,Supply Restock,23
2025-04-14,Housekeeping,Maintenance Report,9
2025-04-14,Food & Beverage,Room Service Orders,7
2025-04-14,Food & Beverage,Buffet Service,18
2025-04-14,Food & Beverage,Table Service,6
2025-04-14,Food & Beverage,Inventory Check,12
2025-04-14,Maintenance,Fix Requests,15
2025-04-14,Maintenance,Safety Checks,15
2025-04-14,Maintenance,Equipment Maintenance,21
2025-04-14,Management,Staff Meetings,4
2025-04-14,Management,Report Preparation,13
2025-04-14,Management,Customer Feedback Review,5
2025-04-15,Front Desk,Check-ins,2
2025-04-15,Front Desk,Check-outs,7
2025-04-15,Front Desk,Phone Calls,6
2025-04-15,Front Desk,Guest Inquiries,7
2025-04-15,Front Desk,Complaints,13
2025-04-15,Housekeeping,Room Cleaning,8
2025-04-15,Housekeeping,Linen Change,10
2025-04-15,Housekeeping,Supply Restock,14
2025-04-15,Housekeeping,Maintenance Report,12
2025-04-15,Food & Beverage,Room Service Orders,11
2025-04-15,Food & Beverage,Buffet Service,3
2025-04-15,Food & Beverage,Table Service,5
2025-04-15,Food & Beverage,Inventory Check,7
2025-04-15,Maintenance,Fix Requests,7
2025-04-15,Maintenance,Safety Checks,16
2025-04-15,Maintenance,Equipment Maintenance,12
2025-04-15,Management,Staff Meetings,17
2025-04-15,Management,Report Preparation,13
2025-04-15,Management,Customer Feedback Review,14
2025-04-16,Front Desk,Check-ins,7
2025-04-16,Front Desk,Check-outs,14
2025-04-16,Front Desk,Phone Calls,11
2025-04-16,Front Desk,Guest Inquiries,5
2025-04-16,Front Desk,Complaints,16
2025-04-16,Housekeeping,Room Cleaning,10
2025-04-16,Housekeeping,Linen Change,22
2025-04-16,Housekeeping,Supply Restock,11
2025-04-16,Housekeeping,Maintenance Report,24
2025-04-16,Food & Beverage,Room Service Orders,17
2025-04-16,Food & Beverage,Buffet Service,25
2025-04-16,Food & Beverage,Table Service,25
2025-04-16,Food & Beverage,Inventory Check,26
2025-04-16,Maintenance,Fix Requests,16
2025-04-16,Maintenance,Safety Checks,7
2025-04-16,Maintenance,Equipment Maintenance,9
2025-04-16,Management,Staff Meetings,14
2025-04-16,Management,Report Preparation,10
2025-04-16,Management,Customer Feedback Review,3
2025-04-17,Front Desk,Check-ins,23
2025-04-17,Front Desk,Check-outs,16
2025-04-17,Front Desk,Phone Calls,2
2025-04-17,Front Desk,Guest Inquiries,11
2025-04-17,Front Desk,Complaints,11
2025-04-17,Housekeeping,Room Cleaning,2
2025-04-17,Housekeeping,Linen Change,7
2025-04-17,Housekeeping,Supply Restock,1
2025-04-17,Housekeeping,Maintenance Report,12
2025-04-17,Food & Beverage,Room Service Orders,17
2025-04-17,Food & Beverage,Buffet Service,16
2025-04-17,Food & Beverage,Table Service,10
2025-04-17,Food & Beverage,Inventory Check,12
2025-04-17,Maintenance,Fix Requests,6
2025-04-17,Maintenance,Safety Checks,3
2025-04-17,Maintenance,Equipment Maintenance,6
2025-04-17,Management,Staff Meetings,6
2025-04-17,Management,Report Preparation,13
2025-04-17,Management,Customer Feedback Review,16
2025-04-18,Front Desk,Check-ins,5
2025-04-18,Front Desk,Check-outs,9
2025-04-18,Front Desk,Phone Calls,6
2025-04-18,Front Desk,Guest Inquiries,19
2025-04-18,Front Desk,Complaints,3
2025-04-18,Housekeeping,Room Cleaning,2
2025-04-18,Housekeeping,Linen Change,19
2025-04-18,Housekeeping,Supply Restock,3
2025-04-18,Housekeeping,Maintenance Report,21
2025-04-18,Food & Beverage,Room Service Orders,15
2025-04-18,Food & Beverage,Buffet Service,15
2025-04-18,Food & Beverage,Table Service,4
2025-04-18,Food & Beverage,Inventory Check,0
2025-04-18,Maintenance,Fix Requests,15
2025-04-18,Maintenance,Safety Checks,21
2025-04-18,Maintenance,Equipment Maintenance,26
2025-04-18,Management,Staff Meetings,13
2025-04-18,Management,Report Preparation,21
2025-04-18,Management,Customer Feedback Review,20
2025-04-19,Front Desk,Check-ins,8
2025-04-19,Front Desk,Check-outs,9
2025-04-19,Front Desk,Phone Calls,14
2025-04-19,Front Desk,Guest Inquiries,7
2025-04-19,Front Desk,Complaints,7
2025-04-19,Housekeeping,Room Cleaning,7
2025-04-19,Housekeeping,Linen Change,4
2025-04-19,Housekeeping,Supply Restock,13
2025-04-19,Housekeeping,Maintenance Report,13
2025-04-19,Food & Beverage,Room Service Orders,15
2025-04-19,Food & Beverage,Buffet Service,7
2025-04-19,Food & Beverage,Table Service,26
2025-04-19,Food & Beverage,Inventory Check,13
2025-04-19,Maintenance,Fix Requests,1
2025-04-19,Maintenance,Safety Checks,1
2025-04-19,Maintenance,Equipment Maintenance,6
2025-04-19,Management,Staff Meetings,2
2025-04-19,Management,Report Preparation,16
2025-04-19,Management,Customer Feedback Review,12
2025-04-20,Front Desk,Check-ins,0
2025-04-20,Front Desk,Check-outs,18
2025-04-20,Front Desk,Phone Calls,8
2025-04-20,Front Desk,Guest Inquiries,14
2025-04-20,Front Desk,Complaints,11
2025-04-20,Housekeeping,Room Cleaning,6
2025-04-20,Housekeeping,Linen Change,12
2025-04-20,Housekeeping,Supply Restock,12
2025-04-20,Housekeeping,Maintenance Report,21
2025-04-20,Food & Beverage,Room Service Orders,7
2025-04-20,Food & Beverage,Buffet Service,10
2025-04-20,Food & Beverage,Table Service,14
2025-04-20,Food & Beverage,Inventory Check,12
2025-04-20,Maintenance,Fix Requests,10
2025-04-20,Maintenance,Safety Checks,7
2025-04-20,Maintenance,Equipment Maintenance,12
2025-04-20,Management,Staff Meetings,11
2025-04-20,Management,Report Preparation,21
2025-04-20,Management,Customer Feedback Review,19
2025-04-21,Front Desk,Check-ins,3
2025-04-21,Front Desk,Check-outs,6
2025-04-21,Front Desk,Phone Calls,14
2025-04-21,Front Desk,Guest Inquiries,9
2025-04-21,Front Desk,Complaints,8
2025-04-21,Housekeeping,Room Cleaning,7
2025-04-21,Housekeeping,Linen Change,22
2025-04-21,Housekeeping,Supply Restock,11
2025-04-21,Housekeeping,Maintenance Report,2
2025-04-21,Food & Beverage,Room Service Orders,20
2025-04-21,Food & Beverage,Buffet Service,13
2025-04-21,Food & Beverage,Table Service,8
2025-04-21,Food & Beverage,Inventory Check,10
2025-04-21,Maintenance,Fix Requests,7
2025-04-21,Maintenance,Safety Checks,15
2025-04-21,Maintenance,Equipment Maintenance,11
2025-04-21,Management,Staff Meetings,14
2025-04-21,Management,Report Preparation,11
2025-04-21,Management,Customer Feedback Review,5
2025-04-22,Front Desk,Check-ins,16
2025-04-22,Front Desk,Check-outs,3
2025-04-22,Front Desk,Phone Calls,8
2025-04-22,Front Desk,Guest Inquiries,3
2025-04-22,Front Desk,Complaints,5
2025-04-22,Housekeeping,Room Cleaning,15
2025-04-22,Housekeeping,Linen Change,12
2025-04-22,Housekeeping,Supply Restock,16
2025-04-22,Housekeeping,Maintenance Report,9
2025-04-22,Food & Beverage,Room Service Orders,8
2025-04-22,Food & Beverage,Buffet Service,20
2025-04-22,Food & Beverage,Table Service,15
2025-04-22,Food & Beverage,Inventory Check,22
2025-04-22,Maintenance,Fix Requests,15
2025-04-22,Maintenance,Safety Checks,11
2025-04-22,Maintenance,Equipment Maintenance,11
2025-04-22,Management,Staff Meetings,7
2025-04-22,Management,Report Preparation,10
2025-04-22,Management,Customer Feedback Review,7
2025-04-23,Front Desk,Check-ins,4
2025-04-23,Front Desk,Check-outs,9
2025-04-23,Front Desk,Phone Calls,2
2025-04-23,Front Desk,Guest Inquiries,19
2025-04-23,Front Desk,Complaints,29
2025-04-23,Housekeeping,Room Cleaning,10
2025-04-23,Housekeeping,Linen Change,17
2025-04-23,Housekeeping,Supply Restock,14
2025-04-23,Housekeeping,Maintenance Report,22
2025-04-23,Food & Beverage,Room Service Orders,8
2025-04-23,Food & Beverage,Buffet Service,12
2025-04-23,Food & Beverage,Table Service,14
2025-04-23,Food & Beverage,Inventory Check,13
2025-04-23,Maintenance,Fix Requests,8
2025-04-23,Maintenance,Safety Checks,14
2025-04-23,Maintenance,Equipment Maintenance,9
2025-04-23,Management,Staff Meetings,4
2025-04-23,Management,Report Preparation,9
2025-04-23,Management,Customer Feedback Review,20
2025-04-24,Front Desk,Check-ins,2
2025-04-24,Front Desk,Check-outs,6
2025-04-24,Front Desk,Phone Calls,9
2025-04-24,Front Desk,Guest Inquiries,11
2025-04-24,Front Desk,Complaints,18
2025-04-24,Housekeeping,Room Cleaning,16
2025-04-24,Housekeeping,Linen Change,6
2025-04-24,Housekeeping,Supply Restock,11
2025-04-24,Housekeeping,Maintenance Report,10
2025-04-24,Food & Beverage,Room Service Orders,6
2025-04-24,Food & Beverage,Buffet Service,11
2025-04-24,Food & Beverage,Table Service,5
2025-04-24,Food & Beverage,Inventory Check,7
2025-04-24,Maintenance,Fix Requests,22
2025-04-24,Maintenance,Safety Checks,11
2025-04-24,Maintenance,Equipment Maintenance,8
2025-04-24,Management,Staff Meetings,15
2025-04-24,Management,Report Preparation,14
2025-04-24,Management,Customer Feedback Review,6
2025-04-25,Front Desk,Check-ins,15
2025-04-25,Front Desk,Check-outs,12
2025-04-25,Front Desk,Phone Calls,16
2025-04-25,Front Desk,Guest Inquiries,10
2025-04-25,Front Desk,Complaints,16
2025-04-25,Housekeeping,Room Cleaning,9
2025-04-25,Housekeeping,Linen Change,7
2025-04-25,Housekeeping,Supply Restock,29
2025-04-25,Housekeeping,Maintenance Report,7
2025-04-25,Food & Beverage,Room Service Orders,22
2025-04-25,Food & Beverage,Buffet Service,8
2025-04-25,Food & Beverage,Table Service,17
2025-04-25,Food & Beverage,Inventory Check,8
2025-04-25,Maintenance,Fix Requests,9
2025-04-25,Maintenance,Safety Checks,13
2025-04-25,Maintenance,Equipment Maintenance,10
2025-04-25,Management,Staff Meetings,13
2025-04-25,Management,Report Preparation,25
2025-04-25,Management,Customer Feedback Review,12
2025-04-26,Front Desk,Check-ins,3
2025-04-26,Front Desk,Check-outs,4
2025-04-26,Front Desk,Phone Calls,1
2025-04-26,Front Desk,Guest Inquiries,12
2025-04-26,Front Desk,Complaints,6
2025-04-26,Housekeeping,Room Cleaning,11
2025-04-26,Housekeeping,Linen Change,6
2025-04-26,Housekeeping,Supply Restock,9
2025-04-26,Housekeeping,Maintenance Report,11
2025-04-26,Food & Beverage,Room Service Orders,2
2025-04-26,Food & Beverage,Buffet Service,7
2025-04-26,Food & Beverage,Table Service,3
2025-04-26,Food & Beverage,Inventory Check,11
2025-04-26,Maintenance,Fix Requests,18
2025-04-26,Maintenance,Safety Checks,6
2025-04-26,Maintenance,Equipment Maintenance,11
2025-04-26,Management,Staff Meetings,5
2025-04-26,Management,Report Preparation,17
2025-04-26,Management,Customer Feedback Review,4
2025-04-27,Front Desk,Check-ins,10
2025-04-27,Front Desk,Check-outs,7
2025-04-27,Front Desk,Phone Calls,19
2025-04-27,Front Desk,Guest Inquiries,15
2025-04-27,Front Desk,Complaints,14
2025-04-27,Housekeeping,Room Cleaning,4
2025-04-27,Housekeeping,Linen Change,2
2025-04-27,Housekeeping,Supply Restock,6
2025-04-27,Housekeeping,Maintenance Report,7
2025-04-27,Food & Beverage,Room Service Orders,13
2025-04-27,Food & Beverage,Buffet Service,2
2025-04-27,Food & Beverage,Table Service,8
2025-04-27,Food & Beverage,Inventory Check,18
2025-04-27,Maintenance,Fix Requests,18
2025-04-27,Maintenance,Safety Checks,13
2025-04-27,Maintenance,Equipment Maintenance,14
2025-04-27,Management,Staff Meetings,20
2025-04-27,Management,Report Preparation,8
2025-04-27,Management,Customer Feedback Review,16
2025-04-28,Front Desk,Check-ins,5
2025-04-28,Front Desk,Check-outs,3
2025-04-28,Front Desk,Phone Calls,3
2025-04-28,Front Desk,Guest Inquiries,20
2025-04-28,Front Desk,Complaints,6
2025-04-28,Housekeeping,Room Cleaning,13
2025-04-28,Housekeeping,Linen Change,5
2025-04-28,Housekeeping,Supply Restock,2
2025-04-28,Housekeeping,Maintenance Report,17
2025-04-28,Food & Beverage,Room Service Orders,6
2025-04-28,Food & Beverage,Buffet Service,15
2025-04-28,Food & Beverage,Table Service,17
2025-04-28,Food & Beverage,Inventory Check,8
2025-04-28,Maintenance,Fix Requests,11
2025-04-28,Maintenance,Safety Checks,7
2025-04-28,Maintenance,Equipment Maintenance,14
2025-04-28,Management,Staff Meetings,5
2025-04-28,Management,Report Preparation,14
2025-04-28,Management,Customer Feedback Review,5
2025-04-29,Front Desk,Check-ins,2
2025-04-29,Front Desk,Check-outs,2
2025-04-29,Front Desk,Phone Calls,13
2025-04-29,Front Desk,Guest Inquiries,18
2025-04-29,Front Desk,Complaints,1
2025-04-29,Housekeeping,Room Cleaning,13
2025-04-29,Housekeeping,Linen Change,9
2025-04-29,Housekeeping,Supply Restock,2
2025-04-29,Housekeeping,Maintenance Report,1
2025-04-29,Food & Beverage,Room Service Orders,9
2025-04-29,Food & Beverage,Buffet Service,8
2025-04-29,Food & Beverage,Table Service,8
2025-04-29,Food & Beverage,Inventory Check,5
2025-04-29,Maintenance,Fix Requests,4
2025-04-29,Maintenance,Safety Checks,21
2025-04-29,Maintenance,Equipment Maintenance,11
2025-04-29,Management,Staff Meetings,11
2025-04-29,Management,Report Preparation,4
2025-04-29,Management,Customer Feedback Review,17
2025-04-30,Front Desk,Check-ins,15
2025-04-30,Front Desk,Check-outs,6
2025-04-30,Front Desk,Phone Calls,6
2025-04-30,Front Desk,Guest Inquiries,10
2025-04-30,Front Desk,Complaints,18
2025-04-30,Housekeeping,Room Cleaning,16
2025-04-30,Housekeeping,Linen Change,3
2025-04-30,Housekeeping,Supply Restock,18
2025-04-30,Housekeeping,Maintenance Report,20
2025-04-30,Food & Beverage,Room Service Orders,6
2025-04-30,Food & Beverage,Buffet Service,7
2025-04-30,Food & Beverage,Table Service,5
2025-04-30,Food & Beverage,Inventory Check,15
2025-04-30,Maintenance,Fix Requests,14
2025-04-30,Maintenance,Safety Checks,7
2025-04-30,Maintenance,Equipment Maintenance,11
2025-04-30,Management,Staff Meetings,8
2025-04-30,Management,Report Preparation,16
2025-04-30,Management,Customer Feedback Review,11
2025-05-01,Front Desk,Check-ins,9
2025-05-01,Front Desk,Check-outs,6
2025-05-01,Front Desk,Phone Calls,20
2025-05-01,Front Desk,Guest Inquiries,23
2025-05-01,Front Desk,Complaints,15
2025-05-01,Housekeeping,Room Cleaning,5
2025-05-01,Housekeeping,Linen Change,10
2025-05-01,Housekeeping,Supply Restock,2
2025-05-01,Housekeeping,Maintenance Report,11
2025-05-01,Food & Beverage,Room Service Orders,13
2025-05-01,Food & Beverage,Buffet Service,11
2025-05-01,Food & Beverage,Table Service,10
2025-05-01,Food & Beverage,Inventory Check,7
2025-05-01,Maintenance,Fix Requests,1
2025-05-01,Maintenance,Safety Checks,3
2025-05-01,Maintenance,Equipment Maintenance,23
2025-05-01,Management,Staff Meetings,5
2025-05-01,Management,Report Preparation,7
2025-05-01,Management,Customer Feedback Review,22
2025-05-02,Front Desk,Check-ins,13
2025-05-02,Front Desk,Check-outs,3
2025-05-02,Front Desk,Phone Calls,23
2025-05-02,Front Desk,Guest Inquiries,15
2025-05-02,Front Desk,Complaints,18
2025-05-02,Housekeeping,Room Cleaning,1
2025-05-02,Housekeeping,Linen Change,7
2025-05-02,Housekeeping,Supply Restock,10
2025-05-02,Housekeeping,Maintenance Report,12
2025-05-02,Food & Beverage,Room Service Orders,8
2025-05-02,Food & Beverage,Buffet Service,3
2025-05-02,Food & Beverage,Table Service,11
2025-05-02,Food & Beverage,Inventory Check,5
2025-05-02,Maintenance,Fix Requests,12
2025-05-02,Maintenance,Safety Checks,24
2025-05-02,Maintenance,Equipment Maintenance,13
2025-05-02,Management,Staff Meetings,14
2025-05-02,Management,Report Preparation,8
2025-05-02,Management,Customer Feedback Review,2
2025-05-03,Front Desk,Check-ins,16
2025-05-03,Front Desk,Check-outs,7
2025-05-03,Front Desk,Phone Calls,2
2025-05-03,Front Desk,Guest Inquiries,19
2025-05-03,Front Desk,Complaints,12
2025-05-03,Housekeeping,Room Cleaning,7
2025-05-03,Housekeeping,Linen Change,16
2025-05-03,Housekeeping,Supply Restock,1
2025-05-03,Housekeeping,Maintenance Report,14
2025-05-03,Food & Beverage,Room Service Orders,14
2025-05-03,Food & Beverage,Buffet Service,18
2025-05-03,Food & Beverage,Table Service,3
2025-05-03,Food & Beverage,Inventory Check,11
2025-05-03,Maintenance,Fix Requests,18
2025-05-03,Maintenance,Safety Checks,4
2025-05-03,Maintenance,Equipment Maintenance,19
2025-05-03,Management,Staff Meetings,3
2025-05-03,Management,Report Preparation,8
2025-05-03,Management,Customer Feedback Review,5
2025-05-04,Front Desk,Check-ins,3
2025-05-04,Front Desk,Check-outs,3
2025-05-04,Front Desk,Phone Calls,10
2025-05-04,Front Desk,Guest Inquiries,17
2025-05-04,Front Desk,Complaints,9
2025-05-04,Housekeeping,Room Cleaning,13
2025-05-04,Housekeeping,Linen Change,7
2025-05-04,Housekeeping,Supply Restock,12
2025-05-04,Housekeeping,Maintenance Report,11
2025-05-04,Food & Beverage,Room Service Orders,4
2025-05-04,Food & Beverage,Buffet Service,21
2025-05-04,Food & Beverage,Table Service,5
2025-05-04,Food & Beverage,Inventory Check,7
2025-05-04,Maintenance,Fix Requests,5
2025-05-04,Maintenance,Safety Checks,3
2025-05-04,Maintenance,Equipment Maintenance,14
2025-05-04,Management,Staff Meetings,13
2025-05-04,Management,Report Preparation,3
2025-05-04,Management,Customer Feedback Review,13
2025-05-05,Front Desk,Check-ins,7
2025-05-05,Front Desk,Check-outs,8
2025-05-05,Front Desk,Phone Calls,19
2025-05-05,Front Desk,Guest Inquiries,6
2025-05-05,Front Desk,Complaints,15
2025-05-05,Housekeeping,Room Cleaning,19
2025-05-05,Housekeeping,Linen Change,11
2025-05-05,Housekeeping,Supply Restock,6
2025-05-05,Housekeeping,Maintenance Report,24
2025-05-05,Food & Beverage,Room Service Orders,4
2025-05-05,Food & Beverage,Buffet Service,1
2025-05-05,Food & Beverage,Table Service,12
2025-05-05,Food & Beverage,Inventory Check,13
2025-05-05,Maintenance,Fix Requests,11
2025-05-05,Maintenance,Safety Checks,4
2025-05-05,Maintenance,Equipment Maintenance,14
2025-05-05,Management,Staff Meetings,13
2025-05-05,Management,Report Preparation,11
2025-05-05,Management,Customer Feedback Review,7
2025-05-06,Front Desk,Check-ins,7
2025-05-06,Front Desk,Check-outs,4
2025-05-06,Front Desk,Phone Calls,11
2025-05-06,Front Desk,Guest Inquiries,10
2025-05-06,Front Desk,Complaints,6
2025-05-06,Housekeeping,Room Cleaning,17
2025-05-06,Housekeeping,Linen Change,14
2025-05-06,Housekeeping,Supply Restock,14
2025-05-06,Housekeeping,Maintenance Report,9
2025-05-06,Food & Beverage,Room Service Orders,5
2025-05-06,Food & Beverage,Buffet Service,22
2025-05-06,Food & Beverage,Table Service,14
2025-05-06,Food & Beverage,Inventory Check,21
2025-05-06,Maintenance,Fix Requests,16
2025-05-06,Maintenance,Safety Checks,3
2025-05-06,Maintenance,Equipment Maintenance,21
2025-05-06,Management,Staff Meetings,20
2025-05-06,Management,Report Preparation,10
2025-05-06,Management,Customer Feedback Review,21
2025-05-07,Front Desk,Check-ins,19
2025-05-07,Front Desk,Check-outs,12
2025-05-07,Front Desk,Phone Calls,8
2025-05-07,Front Desk,Guest Inquiries,12
2025-05-07,Front Desk,Complaints,7
2025-05-07,Housekeeping,Room Cleaning,2
2025-05-07,Housekeeping,Linen Change,4
2025-05-07,Housekeeping,Supply Restock,6
2025-05-07,Housekeeping,Maintenance Report,16
2025-05-07,Food & Beverage,Room Service Orders,22
2025-05-07,Food & Beverage,Buffet Service,8
2025-05-07,Food & Beverage,Table Service,5
2025-05-07,Food & Beverage,Inventory Check,8
2025-05-07,Maintenance,Fix Requests,4
2025-05-07,Maintenance,Safety Checks,9
2025-05-07,Maintenance,Equipment Maintenance,7
2025-05-07,Management,Staff Meetings,7
2025-05-07,Management,Report Preparation,14
2025-05-07,Management,Customer Feedback Review,20
2025-05-08,Front Desk,Check-ins,10
2025-05-08,Front Desk,Check-outs,4
2025-05-08,Front Desk,Phone Calls,1
2025-05-08,Front Desk,Guest Inquiries,10
2025-05-08,Front Desk,Complaints,2
2025-05-08,Housekeeping,Room Cleaning,2
2025-05-08,Housekeeping,Linen Change,13
2025-05-08,Housekeeping,Supply Restock,6
2025-05-08,Housekeeping,Maintenance Report,3
2025-05-08,Food & Beverage,Room Service Orders,12
2025-05-08,Food & Beverage,Buffet Service,16
2025-05-08,Food & Beverage,Table Service,6
2025-05-08,Food & Beverage,Inventory Check,20
2025-05-08,Maintenance,Fix Requests,22
2025-05-08,Maintenance,Safety Checks,1
2025-05-08,Maintenance,Equipment Maintenance,4
2025-05-08,Management,Staff Meetings,3
2025-05-08,Management,Report Preparation,5
2025-05-08,Management,Customer Feedback Review,7
2025-05-09,Front Desk,Check-ins,3
2025-05-09,Front Desk,Check-outs,14
2025-05-09,Front Desk,Phone Calls,6
2025-05-09,Front Desk,Guest Inquiries,13
2025-05-09,Front Desk,Complaints,2
2025-05-09,Housekeeping,Room Cleaning,8
2025-05-09,Housekeeping,Linen Change,4
2025-05-09,Housekeeping,Supply Restock,13
2025-05-09,Housekeeping,Maintenance Report,8
2025-05-09,Food & Beverage,Room Service Orders,10
2025-05-09,Food & Beverage,Buffet Service,12
2025-05-09,Food & Beverage,Table Service,9
2025-05-09,Food & Beverage,Inventory Check,3
2025-05-09,Maintenance,Fix Requests,6
2025-05-09,Maintenance,Safety Checks,11
2025-05-09,Maintenance,Equipment Maintenance,3
2025-05-09,Management,Staff Meetings,11
2025-05-09,Management,Report Preparation,4
2025-05-09,Management,Customer Feedback Review,7
2025-05-10,Front Desk,Check-ins,5
2025-05-10,Front Desk,Check-outs,11
2025-05-10,Front Desk,Phone Calls,23
2025-05-10,Front Desk,Guest Inquiries,1
2025-05-10,Front Desk,Complaints,7
2025-05-10,Housekeeping,Room Cleaning,1
2025-05-10,Housekeeping,Linen Change,25
2025-05-10,Housekeeping,Supply Restock,16
2025-05-10,Housekeeping,Maintenance Report,21
2025-05-10,Food & Beverage,Room Service Orders,15
2025-05-10,Food & Beverage,Buffet Service,7
2025-05-10,Food & Beverage,Table Service,2
2025-05-10,Food & Beverage,Inventory Check,9
2025-05-10,Maintenance,Fix Requests,15
2025-05-10,Maintenance,Safety Checks,20
2025-05-10,Maintenance,Equipment Maintenance,4
2025-05-10,Management,Staff Meetings,8
2025-05-10,Management,Report Preparation,7
2025-05-10,Management,Customer Feedback Review,0
2025-05-11,Front Desk,Check-ins,7
2025-05-11,Front Desk,Check-outs,23
2025-05-11,Front Desk,Phone Calls,9
2025-05-11,Front Desk,Guest Inquiries,11
2025-05-11,Front Desk,Complaints,7
2025-05-11,Housekeeping,Room Cleaning,17
2025-05-11,Housekeeping,Linen Change,18
2025-05-11,Housekeeping,Supply Restock,14
2025-05-11,Housekeeping,Maintenance Report,15
2025-05-11,Food & Beverage,Room Service Orders,7
2025-05-11,Food & Beverage,Buffet Service,4
2025-05-11,Food & Beverage,Table Service,17
2025-05-11,Food & Beverage,Inventory Check,17
2025-05-11,Maintenance,Fix Requests,18
2025-05-11,Maintenance,Safety Checks,8
2025-05-11,Maintenance,Equipment Maintenance,12
2025-05-11,Management,Staff Meetings,12
2025-05-11,Management,Report Preparation,12
2025-05-11,Management,Customer Feedback Review,7
2025-05-12,Front Desk,Check-ins,6
2025-05-12,Front Desk,Check-outs,2
2025-05-12,Front Desk,Phone Calls,12
2025-05-12,Front Desk,Guest Inquiries,15
2025-05-12,Front Desk,Complaints,8
2025-05-12,Housekeeping,Room Cleaning,5
2025-05-12,Housekeeping,Linen Change,10
2025-05-12,Housekeeping,Supply Restock,5
2025-05-12,Housekeeping,Maintenance Report,24
2025-05-12,Food & Beverage,Room Service Orders,2
2025-05-12,Food & Beverage,Buffet Service,16
2025-05-12,Food & Beverage,Table Service,5
2025-05-12,Food & Beverage,Inventory Check,9
2025-05-12,Maintenance,Fix Requests,17
2025-05-12,Maintenance,Safety Checks,14
2025-05-12,Maintenance,Equipment Maintenance,18
2025-05-12,Management,Staff Meetings,13
2025-05-12,Management,Report Preparation,3
2025-05-12,Management,Customer Feedback Review,10
2025-05-13,Front Desk,Check-ins,6
2025-05-13,Front Desk,Check-outs,15
2025-05-13,Front Desk,Phone Calls,11
2025-05-13,Front Desk,Guest Inquiries,19
2025-05-13,Front Desk,Complaints,3
2025-05-13,Housekeeping,Room Cleaning,11
2025-05-13,Housekeeping,Linen Change,6
2025-05-13,Housekeeping,Supply Restock,16
2025-05-13,Housekeeping,Maintenance Report,13
2025-05-13,Food & Beverage,Room Service Orders,4
2025-05-13,Food & Beverage,Buffet Service,12
2025-05-13,Food & Beverage,Table Service,10
2025-05-13,Food & Beverage,Inventory Check,11
2025-05-13,Maintenance,Fix Requests,18
2025-05-13,Maintenance,Safety Checks,8
2025-05-13,Maintenance,Equipment Maintenance,10
2025-05-13,Management,Staff Meetings,6
2025-05-13,Management,Report Preparation,3
2025-05-13,Management,Customer Feedback Review,28
2025-05-14,Front Desk,Check-ins,12
2025-05-14,Front Desk,Check-outs,18
2025-05-14,Front Desk,Phone Calls,10
2025-05-14,Front Desk,Guest Inquiries,3
2025-05-14,Front Desk,Complaints,8
2025-05-14,Housekeeping,Room Cleaning,8
2025-05-14,Housekeeping,Linen Change,3
2025-05-14,Housekeeping,Supply Restock,13
2025-05-14,Housekeeping,Maintenance Report,12
2025-05-14,Food & Beverage,Room Service Orders,10
2025-05-14,Food & Beverage,Buffet Service,11
2025-05-14,Food & Beverage,Table Service,13
2025-05-14,Food & Beverage,Inventory Check,5
2025-05-14,Maintenance,Fix Requests,10
2025-05-14,Maintenance,Safety Checks,10
2025-05-14,Maintenance,Equipment Maintenance,9
2025-05-14,Management,Staff Meetings,19
2025-05-14,Management,Report Preparation,16
2025-05-14,Management,Customer Feedback Review,23
2025-05-15,Front Desk,Check-ins,12
2025-05-15,Front Desk,Check-outs,18
2025-05-15,Front Desk,Phone Calls,18
2025-05-15,Front Desk,Guest Inquiries,11
2025-05-15,Front Desk,Complaints,16
2025-05-15,Housekeeping,Room Cleaning,8
2025-05-15,Housekeeping,Linen Change,9
2025-05-15,Housekeeping,Supply Restock,7
2025-05-15,Housekeeping,Maintenance Report,8
2025-05-15,Food & Beverage,Room Service Orders,12
2025-05-15,Food & Beverage,Buffet Service,16
2025-05-15,Food & Beverage,Table Service,18
2025-05-15,Food & Beverage,Inventory Check,7
2025-05-15,Maintenance,Fix Requests,13
2025-05-15,Maintenance,Safety Checks,11
2025-05-15,Maintenance,Equipment Maintenance,14
2025-05-15,Management,Staff Meetings,14
2025-05-15,Management,Report Preparation,6
2025-05-15,Management,Customer Feedback Review,15
2025-05-16,Front Desk,Check-ins,10
2025-05-16,Front Desk,Check-outs,14
2025-05-16,Front Desk,Phone Calls,15
2025-05-16,Front Desk,Guest Inquiries,5
2025-05-16,Front Desk,Complaints,25
2025-05-16,Housekeeping,Room Cleaning,2
2025-05-16,Housekeeping,Linen Change,7
2025-05-16,Housekeeping,Supply Restock,5
2025-05-16,Housekeeping,Maintenance Report,18
2025-05-16,Food & Beverage,Room Service Orders,2
2025-05-16,Food & Beverage,Buffet Service,3
2025-05-16,Food & Beverage,Table Service,4
2025-05-16,Food & Beverage,Inventory Check,4
2025-05-16,Maintenance,Fix Requests,5
2025-05-16,Maintenance,Safety Checks,9
2025-05-16,Maintenance,Equipment Maintenance,21
2025-05-16,Management,Staff Meetings,5
2025-05-16,Management,Report Preparation,11
2025-05-16,Management,Customer Feedback Review,13
2025-05-17,Front Desk,Check-ins,14
2025-05-17,Front Desk,Check-outs,12
2025-05-17,Front Desk,Phone Calls,3
2025-05-17,Front Desk,Guest Inquiries,10
2025-05-17,Front Desk,Complaints,0
2025-05-17,Housekeeping,Room Cleaning,1
2025-05-17,Housekeeping,Linen Change,2
2025-05-17,Housekeeping,Supply Restock,10
2025-05-17,Housekeeping,Maintenance Report,20
2025-05-17,Food & Beverage,Room Service Orders,11
2025-05-17,Food & Beverage,Buffet Service,7
2025-05-17,Food & Beverage,Table Service,11
2025-05-17,Food & Beverage,Inventory Check,14
2025-05-17,Maintenance,Fix Requests,19
2025-05-17,Maintenance,Safety Checks,6
2025-05-17,Maintenance,Equipment Maintenance,14
2025-05-17,Management,Staff Meetings,9
2025-05-17,Management,Report Preparation,12
2025-05-17,Management,Customer Feedback Review,15
2025-05-18,Front Desk,Check-ins,10
2025-05-18,Front Desk,Check-outs,20
2025-05-18,Front Desk,Phone Calls,10
2025-05-18,Front Desk,Guest Inquiries,19
2025-05-18,Front Desk,Complaints,8
2025-05-18,Housekeeping,Room Cleaning,12
2025-05-18,Housekeeping,Linen Change,3
2025-05-18,Housekeeping,Supply Restock,21
2025-05-18,Housekeeping,Maintenance Report,2
2025-05-18,Food & Beverage,Room Service Orders,8
2025-05-18,Food & Beverage,Buffet Service,21
2025-05-18,Food & Beverage,Table Service,14
2025-05-18,Food & Beverage,Inventory Check,7
2025-05-18,Maintenance,Fix Requests,11
2025-05-18,Maintenance,Safety Checks,6
2025-05-18,Maintenance,Equipment Maintenance,2
2025-05-18,Management,Staff Meetings,15
2025-05-18,Management,Report Preparation,14
2025-05-18,Management,Customer Feedback Review,18
2025-05-19,Front Desk,Check-ins,5
2025-05-19,Front Desk,Check-outs,4
2025-05-19,Front Desk,Phone Calls,23
2025-05-19,Front Desk,Guest Inquiries,9
2025-05-19,Front Desk,Complaints,4
2025-05-19,Housekeeping,Room Cleaning,10
2025-05-19,Housekeeping,Linen Change,3
2025-05-19,Housekeeping,Supply Restock,14
2025-05-19,Housekeeping,Maintenance Report,16
2025-05-19,Food & Beverage,Room Service Orders,19
2025-05-19,Food & Beverage,Buffet Service,4
2025-05-19,Food & Beverage,Table Service,10
2025-05-19,Food & Beverage,Inventory Check,18
2025-05-19,Maintenance,Fix Requests,13
2025-05-19,Maintenance,Safety Checks,3
2025-05-19,Maintenance,Equipment Maintenance,1
2025-05-19,Management,Staff Meetings,17
2025-05-19,Management,Report Preparation,13
2025-05-19,Management,Customer Feedback Review,19
2025-05-20,Front Desk,Check-ins,15
2025-05-20,Front Desk,Check-outs,4
2025-05-20,Front Desk,Phone Calls,18
2025-05-20,Front Desk,Guest Inquiries,9
2025-05-20,Front Desk,Complaints,13
2025-05-20,Housekeeping,Room Cleaning,13
2025-05-20,Housekeeping,Linen Change,4
2025-05-20,Housekeeping,Supply Restock,18
2025-05-20,Housekeeping,Maintenance Report,25
2025-05-20,Food & Beverage,Room Service Orders,16
2025-05-20,Food & Beverage,Buffet Service,24
2025-05-20,Food & Beverage,Table Service,10
2025-05-20,Food & Beverage,Inventory Check,18
2025-05-20,Maintenance,Fix Requests,11
2025-05-20,Maintenance,Safety Checks,19
2025-05-20,Maintenance,Equipment Maintenance,12
2025-05-20,Management,Staff Meetings,4
2025-05-20,Management,Report Preparation,16
2025-05-20,Management,Customer Feedback Review,1
2025-05-21,Front Desk,Check-ins,13
2025-05-21,Front Desk,Check-outs,6
2025-05-21,Front Desk,Phone Calls,2
2025-05-21,Front Desk,Guest Inquiries,16
2025-05-21,Front Desk,Complaints,5
2025-05-21,Housekeeping,Room Cleaning,8
2025-05-21,Housekeeping,Linen Change,6
2025-05-21,Housekeeping,Supply Restock,17
2025-05-21,Housekeeping,Maintenance Report,8
2025-05-21,Food & Beverage,Room Service Orders,9
2025-05-21,Food & Beverage,Buffet Service,9
2025-05-21,Food & Beverage,Table Service,19
2025-05-21,Food & Beverage,Inventory Check,6
2025-05-21,Maintenance,Fix Requests,8
2025-05-21,Maintenance,Safety Checks,16
2025-05-21,Maintenance,Equipment Maintenance,17
2025-05-21,Management,Staff Meetings,27
2025-05-21,Management,Report Preparation,14
2025-05-21,Management,Customer Feedback Review,9
2025-05-22,Front Desk,Check-ins,12
2025-05-22,Front Desk,Check-outs,15
2025-05-22,Front Desk,Phone Calls,10
2025-05-22,Front Desk,Guest Inquiries,1
2025-05-22,Front Desk,Complaints,20
2025-05-22,Housekeeping,Room Cleaning,4
2025-05-22,Housekeeping,Linen Change,20
2025-05-22,Housekeeping,Supply Restock,9
2025-05-22,Housekeeping,Maintenance Report,12
2025-05-22,Food & Beverage,Room Service Orders,0
2025-05-22,Food & Beverage,Buffet Service,6
2025-05-22,Food & Beverage,Table Service,13
2025-05-22,Food & Beverage,Inventory Check,8
2025-05-22,Maintenance,Fix Requests,9
2025-05-22,Maintenance,Safety Checks,6
2025-05-22,Maintenance,Equipment Maintenance,22
2025-05-22,Management,Staff Meetings,12
2025-05-22,Management,Report Preparation,8
2025-05-22,Management,Customer Feedback Review,12
2025-05-23,Front Desk,Check-ins,1
2025-05-23,Front Desk,Check-outs,7
2025-05-23,Front Desk,Phone Calls,16
2025-05-23,Front Desk,Guest Inquiries,18
2025-05-23,Front Desk,Complaints,11
2025-05-23,Housekeeping,Room Cleaning,22
2025-05-23,Housekeeping,Linen Change,12
2025-05-23,Housekeeping,Supply Restock,3
2025-05-23,Housekeeping,Maintenance Report,7
2025-05-23,Food & Beverage,Room Service Orders,19
2025-05-23,Food & Beverage,Buffet Service,7
2025-05-23,Food & Beverage,Table Service,13
2025-05-23,Food & Beverage,Inventory Check,14
2025-05-23,Maintenance,Fix Requests,10
2025-05-23,Maintenance,Safety Checks,9
2025-05-23,Maintenance,Equipment Maintenance,1
2025-05-23,Management,Staff Meetings,9
2025-05-23,Management,Report Preparation,10
2025-05-23,Management,Customer Feedback Review,6
2025-05-24,Front Desk,Check-ins,10
2025-05-24,Front Desk,Check-outs,15
2025-05-24,Front Desk,Phone Calls,24
2025-05-24,Front Desk,Guest Inquiries,3
2025-05-24,Front Desk,Complaints,18
2025-05-24,Housekeeping,Room Cleaning,7
2025-05-24,Housekeeping,Linen Change,9
2025-05-24,Housekeeping,Supply Restock,16
2025-05-24,Housekeeping,Maintenance Report,14
2025-05-24,Food & Beverage,Room Service Orders,12
2025-05-24,Food & Beverage,Buffet Service,12
2025-05-24,Food & Beverage,Table Service,10
2025-05-24,Food & Beverage,Inventory Check,5
2025-05-24,Maintenance,Fix Requests,14
2025-05-24,Maintenance,Safety Checks,3
2025-05-24,Maintenance,Equipment Maintenance,9
2025-05-24,Management,Staff Meetings,14
2025-05-24,Management,Report Preparation,14
2025-05-24,Management,Customer Feedback Review,3
2025-05-25,Front Desk,Check-ins,16
2025-05-25,Front Desk,Check-outs,8
2025-05-25,Front Desk,Phone Calls,2
2025-05-25,Front Desk,Guest Inquiries,10
2025-05-25,Front Desk,Complaints,20
2025-05-25,Housekeeping,Room Cleaning,3
2025-05-25,Housekeeping,Linen Change,18
2025-05-25,Housekeeping,Supply Restock,12
2025-05-25,Housekeeping,Maintenance Report,20
2025-05-25,Food & Beverage,Room Service Orders,16
2025-05-25,Food & Beverage,Buffet Service,11
2025-05-25,Food & Beverage,Table Service,12
2025-05-25,Food & Beverage,Inventory Check,7
2025-05-25,Maintenance,Fix Requests,5
2025-05-25,Maintenance,Safety Checks,17
2025-05-25,Maintenance,Equipment Maintenance,22
2025-05-25,Management,Staff Meetings,24
2025-05-25,Management,Report Preparation,9
2025-05-25,Management,Customer Feedback Review,16
2025-05-26,Front Desk,Check-ins,3
2025-05-26,Front Desk,Check-outs,10
2025-05-26,Front Desk,Phone Calls,11
2025-05-26,Front Desk,Guest Inquiries,2
2025-05-26,Front Desk,Complaints,10
2025-05-26,Housekeeping,Room Cleaning,16
2025-05-26,Housekeeping,Linen Change,10
2025-05-26,Housekeeping,Supply Restock,4
2025-05-26,Housekeeping,Maintenance Report,10
2025-05-26,Food & Beverage,Room Service Orders,14
2025-05-26,Food & Beverage,Buffet Service,14
2025-05-26,Food & Beverage,Table Service,2
2025-05-26,Food & Beverage,Inventory Check,5
2025-05-26,Maintenance,Fix Requests,10
2025-05-26,Maintenance,Safety Checks,2
2025-05-26,Maintenance,Equipment Maintenance,2
2025-05-26,Management,Staff Meetings,16
2025-05-26,Management,Report Preparation,14
2025-05-26,Management,Customer Feedback Review,14
2025-05-27,Front Desk,Check-ins,4
2025-05-27,Front Desk,Check-outs,4
2025-05-27,Front Desk,Phone Calls,12
2025-05-27,Front Desk,Guest Inquiries,14
2025-05-27,Front Desk,Complaints,10
2025-05-27,Housekeeping,Room Cleaning,9
2025-05-27,Housekeeping,Linen Change,18
2025-05-27,Housekeeping,Supply Restock,10
2025-05-27,Housekeeping,Maintenance Report,9
2025-05-27,Food & Beverage,Room Service Orders,8
2025-05-27,Food & Beverage,Buffet Service,4
2025-05-27,Food & Beverage,Table Service,4
2025-05-27,Food & Beverage,Inventory Check,5
2025-05-27,Maintenance,Fix Requests,14
2025-05-27,Maintenance,Safety Checks,9
2025-05-27,Maintenance,Equipment Maintenance,9
2025-05-27,Management,Staff Meetings,9
2025-05-27,Management,Report Preparation,7
2025-05-27,Management,Customer Feedback Review,13
2025-05-28,Front Desk,Check-ins,18
2025-05-28,Front Desk,Check-outs,21
2025-05-28,Front Desk,Phone Calls,14
2025-05-28,Front Desk,Guest Inquiries,10
2025-05-28,Front Desk,Complaints,21
2025-05-28,Housekeeping,Room Cleaning,14
2025-05-28,Housekeeping,Linen Change,13
2025-05-28,Housekeeping,Supply Restock,15
2025-05-28,Housekeeping,Maintenance Report,14
2025-05-28,Food & Beverage,Room Service Orders,13
2025-05-28,Food & Beverage,Buffet Service,15
2025-05-28,Food & Beverage,Table Service,3
2025-05-28,Food & Beverage,Inventory Check,5
2025-05-28,Maintenance,Fix Requests,4
2025-05-28,Maintenance,Safety Checks,9
2025-05-28,Maintenance,Equipment Maintenance,8
2025-05-28,Management,Staff Meetings,6
2025-05-28,Management,Report Preparation,14
2025-05-28,Management,Customer Feedback Review,19
2025-05-29,Front Desk,Check-ins,10
2025-05-29,Front Desk,Check-outs,23
2025-05-29,Front Desk,Phone Calls,5
2025-05-29,Front Desk,Guest Inquiries,7
2025-05-29,Front Desk,Complaints,17
2025-05-29,Housekeeping,Room Cleaning,3
2025-05-29,Housekeeping,Linen Change,4
2025-05-29,Housekeeping,Supply Restock,10
2025-05-29,Housekeeping,Maintenance Report,12
2025-05-29,Food & Beverage,Room Service Orders,11
2025-05-29,Food & Beverage,Buffet Service,5
2025-05-29,Food & Beverage,Table Service,19
2025-05-29,Food & Beverage,Inventory Check,10
2025-05-29,Maintenance,Fix Requests,15
2025-05-29,Maintenance,Safety Checks,3
2025-05-29,Maintenance,Equipment Maintenance,2
2025-05-29,Management,Staff Meetings,10
2025-05-29,Management,Report Preparation,10
2025-05-29,Management,Customer Feedback Review,3
2025-05-30,Front Desk,Check-ins,3
2025-05-30,Front Desk,Check-outs,10
2025-05-30,Front Desk,Phone Calls,11
2025-05-30,Front Desk,Guest Inquiries,11
2025-05-30,Front Desk,Complaints,19
2025-05-30,Housekeeping,Room Cleaning,6
2025-05-30,Housekeeping,Linen Change,8
2025-05-30,Housekeeping,Supply Restock,4
2025-05-30,Housekeeping,Maintenance Report,1
2025-05-30,Food & Beverage,Room Service Orders,3
2025-05-30,Food & Beverage,Buffet Service,19
2025-05-30,Food & Beverage,Table Service,9
2025-05-30,Food & Beverage,Inventory Check,8
2025-05-30,Maintenance,Fix Requests,14
2025-05-30,Maintenance,Safety Checks,1
2025-05-30,Maintenance,Equipment Maintenance,4
2025-05-30,Management,Staff Meetings,12
2025-05-30,Management,Report Preparation,4
2025-05-30,Management,Customer Feedback Review,20
2025-05-31,Front Desk,Check-ins,8
2025-05-31,Front Desk,Check-outs,22
2025-05-31,Front Desk,Phone Calls,21
2025-05-31,Front Desk,Guest Inquiries,14
2025-05-31,Front Desk,Complaints,7
2025-05-31,Housekeeping,Room Cleaning,2
2025-05-31,Housekeeping,Linen Change,17
2025-05-31,Housekeeping,Supply Restock,13
2025-05-31,Housekeeping,Maintenance Report,11
2025-05-31,Food & Beverage,Room Service Orders,14
2025-05-31,Food & Beverage,Buffet Service,25
2025-05-31,Food & Beverage,Table Service,1
2025-05-31,Food & Beverage,Inventory Check,13
2025-05-31,Maintenance,Fix Requests,3
2025-05-31,Maintenance,Safety Checks,15
2025-05-31,Maintenance,Equipment Maintenance,21
2025-05-31,Management,Staff Meetings,24
2025-05-31,Management,Report Preparation,16
2025-05-31,Management,Customer Feedback Review,6
2025-06-01,Front Desk,Check-ins,12
2025-06-01,Front Desk,Check-outs,3
2025-06-01,Front Desk,Phone Calls,19
2025-06-01,Front Desk,Guest Inquiries,9
2025-06-01,Front Desk,Complaints,23
2025-06-01,Housekeeping,Room Cleaning,27
2025-06-01,Housekeeping,Linen Change,6
2025-06-01,Housekeeping,Supply Restock,13
2025-06-01,Housekeeping,Maintenance Report,11
2025-06-01,Food & Beverage,Room Service Orders,19
2025-06-01,Food & Beverage,Buffet Service,8
2025-06-01,Food & Beverage,Table Service,11
2025-06-01,Food & Beverage,Inventory Check,8
2025-06-01,Maintenance,Fix Requests,7
2025-06-01,Maintenance,Safety Checks,9
2025-06-01,Maintenance,Equipment Maintenance,11
2025-06-01,Management,Staff Meetings,16
2025-06-01,Management,Report Preparation,2
2025-06-01,Management,Customer Feedback Review,7
2025-06-02,Front Desk,Check-ins,14
2025-06-02,Front Desk,Check-outs,9
2025-06-02,Front Desk,Phone Calls,19
2025-06-02,Front Desk,Guest Inquiries,12
2025-06-02,Front Desk,Complaints,20
2025-06-02,Housekeeping,Room Cleaning,9
2025-06-02,Housekeeping,Linen Change,13
2025-06-02,Housekeeping,Supply Restock,20
2025-06-02,Housekeeping,Maintenance Report,12
2025-06-02,Food & Beverage,Room Service Orders,18
2025-06-02,Food & Beverage,Buffet Service,19
2025-06-02,Food & Beverage,Table Service,25
2025-06-02,Food & Beverage,Inventory Check,23
2025-06-02,Maintenance,Fix Requests,6
2025-06-02,Maintenance,Safety Checks,4
2025-06-02,Maintenance,Equipment Maintenance,12
2025-06-02,Management,Staff Meetings,18
2025-06-02,Management,Report Preparation,7
2025-06-02,Management,Customer Feedback Review,14
2025-06-03,Front Desk,Check-ins,16
2025-06-03,Front Desk,Check-outs,7
2025-06-03,Front Desk,Phone Calls,11
2025-06-03,Front Desk,Guest Inquiries,11
2025-06-03,Front Desk,Complaints,12
2025-06-03,Housekeeping,Room Cleaning,19
2025-06-03,Housekeeping,Linen Change,17
2025-06-03,Housekeeping,Supply Restock,2
2025-06-03,Housekeeping,Maintenance Report,9
2025-06-03,Food & Beverage,Room Service Orders,3
2025-06-03,Food & Beverage,Buffet Service,6
2025-06-03,Food & Beverage,Table Service,14
2025-06-03,Food & Beverage,Inventory Check,5
2025-06-03,Maintenance,Fix Requests,5
2025-06-03,Maintenance,Safety Checks,12
2025-06-03,Maintenance,Equipment Maintenance,16
2025-06-03,Management,Staff Meetings,10
2025-06-03,Management,Report Preparation,20
2025-06-03,Management,Customer Feedback Review,14
2025-06-04,Front Desk,Check-ins,19
2025-06-04,Front Desk,Check-outs,19
2025-06-04,Front Desk,Phone Calls,18
2025-06-04,Front Desk,Guest Inquiries,9
2025-06-04,Front Desk,Complaints,11
2025-06-04,Housekeeping,Room Cleaning,21
2025-06-04,Housekeeping,Linen Change,16
2025-06-04,Housekeeping,Supply Restock,12
2025-06-04,Housekeeping,Maintenance Report,4
2025-06-04,Food & Beverage,Room Service Orders,10
2025-06-04,Food & Beverage,Buffet Service,1
2025-06-04,Food & Beverage,Table Service,7
2025-06-04,Food & Beverage,Inventory Check,6
2025-06-04,Maintenance,Fix Requests,23
2025-06-04,Maintenance,Safety Checks,4
2025-06-04,Maintenance,Equipment Maintenance,15
2025-06-04,Management,Staff Meetings,29
2025-06-04,Management,Report Preparation,10
2025-06-04,Management,Customer Feedback Review,1
2025-06-05,Front Desk,Check-ins,4
2025-06-05,Front Desk,Check-outs,12
2025-06-05,Front Desk,Phone Calls,6
2025-06-05,Front Desk,Guest Inquiries,8
2025-06-05,Front Desk,Complaints,17
2025-06-05,Housekeeping,Room Cleaning,13
2025-06-05,Housekeeping,Linen Change,16
2025-06-05,Housekeeping,Supply Restock,8
2025-06-05,Housekeeping,Maintenance Report,15
2025-06-05,Food & Beverage,Room Service Orders,7
2025-06-05,Food & Beverage,Buffet Service,9
2025-06-05,Food & Beverage,Table Service,13
2025-06-05,Food & Beverage,Inventory Check,15
2025-06-05,Maintenance,Fix Requests,12
2025-06-05,Maintenance,Safety Checks,22
2025-06-05,Maintenance,Equipment Maintenance,13
2025-06-05,Management,Staff Meetings,0
2025-06-05,Management,Report Preparation,23
2025-06-05,Management,Customer Feedback Review,14
2025-06-06,Front Desk,Check-ins,18
2025-06-06,Front Desk,Check-outs,5
2025-06-06,Front Desk,Phone Calls,12
2025-06-06,Front Desk,Guest Inquiries,19
2025-06-06,Front Desk,Complaints,8
2025-06-06,Housekeeping,Room Cleaning,1
2025-06-06,Housekeeping,Linen Change,2
2025-06-06,Housekeeping,Supply Restock,19
2025-06-06,Housekeeping,Maintenance Report,23
2025-06-06,Food & Beverage,Room Service Orders,23
2025-06-06,Food & Beverage,Buffet Service,10
2025-06-06,Food & Beverage,Table Service,2
2025-06-06,Food & Beverage,Inventory Check,3
2025-06-06,Maintenance,Fix Requests,8
2025-06-06,Maintenance,Safety Checks,16
2025-06-06,Maintenance,Equipment Maintenance,11
2025-06-06,Management,Staff Meetings,12
2025-06-06,Management,Report Preparation,11
2025-06-06,Management,Customer Feedback Review,16
2025-06-07,Front Desk,Check-ins,12
2025-06-07,Front Desk,Check-outs,12
2025-06-07,Front Desk,Phone Calls,8
2025-06-07,Front Desk,Guest Inquiries,2
2025-06-07,Front Desk,Complaints,11
2025-06-07,Housekeeping,Room Cleaning,9
2025-06-07,Housekeeping,Linen Change,8
2025-06-07,Housekeeping,Supply Restock,13
2025-06-07,Housekeeping,Maintenance Report,25
2025-06-07,Food & Beverage,Room Service Orders,11
2025-06-07,Food & Beverage,Buffet Service,8
2025-06-07,Food & Beverage,Table Service,11
2025-06-07,Food & Beverage,Inventory Check,2
2025-06-07,Maintenance,Fix Requests,8
2025-06-07,Maintenance,Safety Checks,10
2025-06-07,Maintenance,Equipment Maintenance,9
2025-06-07,Management,Staff Meetings,21
2025-06-07,Management,Report Preparation,12
2025-06-07,Management,Customer Feedback Review,8
2025-06-08,Front Desk,Check-ins,13
2025-06-08,Front Desk,Check-outs,22
2025-06-08,Front Desk,Phone Calls,7
2025-06-08,Front Desk,Guest Inquiries,1
2025-06-08,Front Desk,Complaints,9
2025-06-08,Housekeeping,Room Cleaning,11
2025-06-08,Housekeeping,Linen Change,9
2025-06-08,Housekeeping,Supply Restock,5
2025-06-08,Housekeeping,Maintenance Report,27
2025-06-08,Food & Beverage,Room Service Orders,18
2025-06-08,Food & Beverage,Buffet Service,2
2025-06-08,Food & Beverage,Table Service,3
2025-06-08,Food & Beverage,Inventory Check,9
2025-06-08,Maintenance,Fix Requests,1
2025-06-08,Maintenance,Safety Checks,14
2025-06-08,Maintenance,Equipment Maintenance,8
2025-06-08,Management,Staff Meetings,12
2025-06-08,Management,Report Preparation,10
2025-06-08,Management,Customer Feedback Review,3
2025-06-09,Front Desk,Check-ins,11
2025-06-09,Front Desk,Check-outs,5
2025-06-09,Front Desk,Phone Calls,4
2025-06-09,Front Desk,Guest Inquiries,14
2025-06-09,Front Desk,Complaints,7
2025-06-09,Housekeeping,Room Cleaning,6
2025-06-09,Housekeeping,Linen Change,11
2025-06-09,Housekeeping,Supply Restock,18
2025-06-09,Housekeeping,Maintenance Report,5
2025-06-09,Food & Beverage,Room Service Orders,15
2025-06-09,Food & Beverage,Buffet Service,13
2025-06-09,Food & Beverage,Table Service,14
2025-06-09,Food & Beverage,Inventory Check,2
2025-06-09,Maintenance,Fix Requests,15
2025-06-09,Maintenance,Safety Checks,19
2025-06-09,Maintenance,Equipment Maintenance,5
2025-06-09,Management,Staff Meetings,17
2025-06-09,Management,Report Preparation,20
2025-06-09,Management,Customer Feedback Review,5
2025-06-10,Front Desk,Check-ins,17
2025-06-10,Front Desk,Check-outs,6
2025-06-10,Front Desk,Phone Calls,6
2025-06-10,Front Desk,Guest Inquiries,7
2025-06-10,Front Desk,Complaints,12
2025-06-10,Housekeeping,Room Cleaning,17
2025-06-10,Housekeeping,Linen Change,6
2025-06-10,Housekeeping,Supply Restock,16
2025-06-10,Housekeeping,Maintenance Report,19
2025-06-10,Food & Beverage,Room Service Orders,14
2025-06-10,Food & Beverage,Buffet Service,11
2025-06-10,Food & Beverage,Table Service,5
2025-06-10,Food & Beverage,Inventory Check,13
2025-06-10,Maintenance,Fix Requests,9
2025-06-10,Maintenance,Safety Checks,10
2025-06-10,Maintenance,Equipment Maintenance,4
2025-06-10,Management,Staff Meetings,1
2025-06-10,Management,Report Preparation,20
2025-06-10,Management,Customer Feedback Review,13
2025-06-11,Front Desk,Check-ins,6
2025-06-11,Front Desk,Check-outs,17
2025-06-11,Front Desk,Phone Calls,14
2025-06-11,Front Desk,Guest Inquiries,12
2025-06-11,Front Desk,Complaints,5
2025-06-11,Housekeeping,Room Cleaning,14
2025-06-11,Housekeeping,Linen Change,17
2025-06-11,Housekeeping,Supply Restock,11
2025-06-11,Housekeeping,Maintenance Report,21
2025-06-11,Food & Beverage,Room Service Orders,16
2025-06-11,Food & Beverage,Buffet Service,8
2025-06-11,Food & Beverage,Table Service,1
2025-06-11,Food & Beverage,Inventory Check,8
2025-06-11,Maintenance,Fix Requests,7
2025-06-11,Maintenance,Safety Checks,16
2025-06-11,Maintenance,Equipment Maintenance,23
2025-06-11,Management,Staff Meetings,10
2025-06-11,Management,Report Preparation,14
2025-06-11,Management,Customer Feedback Review,19
2025-06-12,Front Desk,Check-ins,16
2025-06-12,Front Desk,Check-outs,15
2025-06-12,Front Desk,Phone Calls,10
2025-06-12,Front Desk,Guest Inquiries,7
2025-06-12,Front Desk,Complaints,0
2025-06-12,Housekeeping,Room Cleaning,8
2025-06-12,Housekeeping,Linen Change,9
2025-06-12,Housekeeping,Supply Restock,8
2025-06-12,Housekeeping,Maintenance Report,17
2025-06-12,Food & Beverage,Room Service Orders,14
2025-06-12,Food & Beverage,Buffet Service,12
2025-06-12,Food & Beverage,Table Service,12
2025-06-12,Food & Beverage,Inventory Check,18
2025-06-12,Maintenance,Fix Requests,30
2025-06-12,Maintenance,Safety Checks,12
2025-06-12,Maintenance,Equipment Maintenance,16
2025-06-12,Management,Staff Meetings,6
2025-06-12,Management,Report Preparation,7
2025-06-12,Management,Customer Feedback Review,7
2025-06-13,Front Desk,Check-ins,20
2025-06-13,Front Desk,Check-outs,4
2025-06-13,Front Desk,Phone Calls,3
2025-06-13,Front Desk,Guest Inquiries,8
2025-06-13,Front Desk,Complaints,1
2025-06-13,Housekeeping,Room Cleaning,12
2025-06-13,Housekeeping,Linen Change,11
2025-06-13,Housekeeping,Supply Restock,5
2025-06-13,Housekeeping,Maintenance Report,25
2025-06-13,Food & Beverage,Room Service Orders,7
2025-06-13,Food & Beverage,Buffet Service,20
2025-06-13,Food & Beverage,Table Service,1
2025-06-13,Food & Beverage,Inventory Check,9
2025-06-13,Maintenance,Fix Requests,2
2025-06-13,Maintenance,Safety Checks,17
2025-06-13,Maintenance,Equipment Maintenance,7
2025-06-13,Management,Staff Meetings,13
2025-06-13,Management,Report Preparation,8
2025-06-13,Management,Customer Feedback Review,1
2025-06-14,Front Desk,Check-ins,13
2025-06-14,Front Desk,Check-outs,22
2025-06-14,Front Desk,Phone Calls,6
2025-06-14,Front Desk,Guest Inquiries,22
2025-06-14,Front Desk,Complaints,14
2025-06-14,Housekeeping,Room Cleaning,11
2025-06-14,Housekeeping,Linen Change,6
2025-06-14,Housekeeping,Supply Restock,28
2025-06-14,Housekeeping,Maintenance Report,13
2025-06-14,Food & Beverage,Room Service Orders,10
2025-06-14,Food & Beverage,Buffet Service,18
2025-06-14,Food & Beverage,Table Service,8
2025-06-14,Food & Beverage,Inventory Check,21
2025-06-14,Maintenance,Fix Requests,14
2025-06-14,Maintenance,Safety Checks,4
2025-06-14,Maintenance,Equipment Maintenance,13
2025-06-14,Management,Staff Meetings,17
2025-06-14,Management,Report Preparation,4
2025-06-14,Management,Customer Feedback Review,13
2025-06-15,Front Desk,Check-ins,10
2025-06-15,Front Desk,Check-outs,15
2025-06-15,Front Desk,Phone Calls,6
2025-06-15,Front Desk,Guest Inquiries,11
2025-06-15,Front Desk,Complaints,3
2025-06-15,Housekeeping,Room Cleaning,9
2025-06-15,Housekeeping,Linen Change,16
2025-06-15,Housekeeping,Supply Restock,10
2025-06-15,Housekeeping,Maintenance Report,22
2025-06-15,Food & Beverage,Room Service Orders,18
2025-06-15,Food & Beverage,Buffet Service,17
2025-06-15,Food & Beverage,Table Service,16
2025-06-15,Food & Beverage,Inventory Check,26
2025-06-15,Maintenance,Fix Requests,4
2025-06-15,Maintenance,Safety Checks,4
2025-06-15,Maintenance,Equipment Maintenance,3
2025-06-15,Management,Staff Meetings,5
2025-06-15,Management,Report Preparation,13
2025-06-15,Management,Customer Feedback Review,13
2025-06-16,Front Desk,Check-ins,3
2025-06-16,Front Desk,Check-outs,13
2025-06-16,Front Desk,Phone Calls,13
2025-06-16,Front Desk,Guest Inquiries,7
2025-06-16,Front Desk,Complaints,10
2025-06-16,Housekeeping,Room Cleaning,12
2025-06-16,Housekeeping,Linen Change,6
2025-06-16,Housekeeping,Supply Restock,11
2025-06-16,Housekeeping,Maintenance Report,21
2025-06-16,Food & Beverage,Room Service Orders,1
2025-06-16,Food & Beverage,Buffet Service,15
2025-06-16,Food & Beverage,Table Service,6
2025-06-16,Food & Beverage,Inventory Check,12
2025-06-16,Maintenance,Fix Requests,15
2025-06-16,Maintenance,Safety Checks,25
2025-06-16,Maintenance,Equipment Maintenance,1
2025-06-16,Management,Staff Meetings,12
2025-06-16,Management,Report Preparation,25
2025-06-16,Management,Customer Feedback Review,4
2025-06-17,Front Desk,Check-ins,15
2025-06-17,Front Desk,Check-outs,17
2025-06-17,Front Desk,Phone Calls,8
2025-06-17,Front Desk,Guest Inquiries,7
2025-06-17,Front Desk,Complaints,8
2025-06-17,Housekeeping,Room Cleaning,17
2025-06-17,Housekeeping,Linen Change,23
2025-06-17,Housekeeping,Supply Restock,14
2025-06-17,Housekeeping,Maintenance Report,10
2025-06-17,Food & Beverage,Room Service Orders,3
2025-06-17,Food & Beverage,Buffet Service,13
2025-06-17,Food & Beverage,Table Service,1
2025-06-17,Food & Beverage,Inventory Check,19
2025-06-17,Maintenance,Fix Requests,16
2025-06-17,Maintenance,Safety Checks,26
2025-06-17,Maintenance,Equipment Maintenance,9
2025-06-17,Management,Staff Meetings,16
2025-06-17,Management,Report Preparation,14
2025-06-17,Management,Customer Feedback Review,5
2025-06-18,Front Desk,Check-ins,12
2025-06-18,Front Desk,Check-outs,11
2025-06-18,Front Desk,Phone Calls,12
2025-06-18,Front Desk,Guest Inquiries,2
2025-06-18,Front Desk,Complaints,19
2025-06-18,Housekeeping,Room Cleaning,16
2025-06-18,Housekeeping,Linen Change,20
2025-06-18,Housekeeping,Supply Restock,9
2025-06-18,Housekeeping,Maintenance Report,5
2025-06-18,Food & Beverage,Room Service Orders,13
2025-06-18,Food & Beverage,Buffet Service,10
2025-06-18,Food & Beverage,Table Service,11
2025-06-18,Food & Beverage,Inventory Check,20
2025-06-18,Maintenance,Fix Requests,8
2025-06-18,Maintenance,Safety Checks,6
2025-06-18,Maintenance,Equipment Maintenance,18
2025-06-18,Management,Staff Meetings,3
2025-06-18,Management,Report Preparation,2
2025-06-18,Management,Customer Feedback Review,8
2025-06-19,Front Desk,Check-ins,1
2025-06-19,Front Desk,Check-outs,11
2025-06-19,Front Desk,Phone Calls,9
2025-06-19,Front Desk,Guest Inquiries,18
2025-06-19,Front Desk,Complaints,10
2025-06-19,Housekeeping,Room Cleaning,14
2025-06-19,Housekeeping,Linen Change,13
2025-06-19,Housekeeping,Supply Restock,18
2025-06-19,Housekeeping,Maintenance Report,3
2025-06-19,Food & Beverage,Room Service Orders,7
2025-06-19,Food & Beverage,Buffet Service,11
2025-06-19,Food & Beverage,Table Service,1
2025-06-19,Food & Beverage,Inventory Check,7
2025-06-19,Maintenance,Fix Requests,11
2025-06-19,Maintenance,Safety Checks,12
2025-06-19,Maintenance,Equipment Maintenance,3
2025-06-19,Management,Staff Meetings,4
2025-06-19,Management,Report Preparation,11
2025-06-19,Management,Customer Feedback Review,20
2025-06-20,Front Desk,Check-ins,19
2025-06-20,Front Desk,Check-outs,3
2025-06-20,Front Desk,Phone Calls,18
2025-06-20,Front Desk,Guest Inquiries,10
2025-06-20,Front Desk,Complaints,18
2025-06-20,Housekeeping,Room Cleaning,13
2025-06-20,Housekeeping,Linen Change,9
2025-06-20,Housekeeping,Supply Restock,5
2025-06-20,Housekeeping,Maintenance Report,6
2025-06-20,Food & Beverage,Room Service Orders,12
2025-06-20,Food & Beverage,Buffet Service,10
2025-06-20,Food & Beverage,Table Service,5
2025-06-20,Food & Beverage,Inventory Check,2
2025-06-20,Maintenance,Fix Requests,8
2025-06-20,Maintenance,Safety Checks,10
2025-06-20,Maintenance,Equipment Maintenance,9
2025-06-20,Management,Staff Meetings,17
2025-06-20,Management,Report Preparation,9
2025-06-20,Management,Customer Feedback Review,2
2025-06-21,Front Desk,Check-ins,0
2025-06-21,Front Desk,Check-outs,9
2025-06-21,Front Desk,Phone Calls,12
2025-06-21,Front Desk,Guest Inquiries,7
2025-06-21,Front Desk,Complaints,5
2025-06-21,Housekeeping,Room Cleaning,12
2025-06-21,Housekeeping,Linen Change,7
2025-06-21,Housekeeping,Supply Restock,12
2025-06-21,Housekeeping,Maintenance Report,5
2025-06-21,Food & Beverage,Room Service Orders,12
2025-06-21,Food & Beverage,Buffet Service,8
2025-06-21,Food & Beverage,Table Service,6
2025-06-21,Food & Beverage,Inventory Check,28
2025-06-21,Maintenance,Fix Requests,11
2025-06-21,Maintenance,Safety Checks,14
2025-06-21,Maintenance,Equipment Maintenance,1
2025-06-21,Management,Staff Meetings,12
2025-06-21,Management,Report Preparation,17
2025-06-21,Management,Customer Feedback Review,17
2025-06-22,Front Desk,Check-ins,15
2025-06-22,Front Desk,Check-outs,13
2025-06-22,Front Desk,Phone Calls,3
2025-06-22,Front Desk,Guest Inquiries,6
2025-06-22,Front Desk,Complaints,17
2025-06-22,Housekeeping,Room Cleaning,12
2025-06-22,Housekeeping,Linen Change,2
2025-06-22,Housekeeping,Supply Restock,14
2025-06-22,Housekeeping,Maintenance Report,7
2025-06-22,Food & Beverage,Room Service Orders,11
2025-06-22,Food & Beverage,Buffet Service,6
2025-06-22,Food & Beverage,Table Service,10
2025-06-22,Food & Beverage,Inventory Check,19
2025-06-22,Maintenance,Fix Requests,16
2025-06-22,Maintenance,Safety Checks,4
2025-06-22,Maintenance,Equipment Maintenance,6
2025-06-22,Management,Staff Meetings,13
2025-06-22,Management,Report Preparation,4
2025-06-22,Management,Customer Feedback Review,21
2025-06-23,Front Desk,Check-ins,6
2025-06-23,Front Desk,Check-outs,13
2025-06-23,Front Desk,Phone Calls,7
2025-06-23,Front Desk,Guest Inquiries,11
2025-06-23,Front Desk,Complaints,13
2025-06-23,Housekeeping,Room Cleaning,3
2025-06-23,Housekeeping,Linen Change,15
2025-06-23,Housekeeping,Supply Restock,18
2025-06-23,Housekeeping,Maintenance Report,19
2025-06-23,Food & Beverage,Room Service Orders,12
2025-06-23,Food & Beverage,Buffet Service,7
2025-06-23,Food & Beverage,Table Service,7
2025-06-23,Food & Beverage,Inventory Check,12
2025-06-23,Maintenance,Fix Requests,10
2025-06-23,Maintenance,Safety Checks,3
2025-06-23,Maintenance,Equipment Maintenance,18
2025-06-23,Management,Staff Meetings,2
2025-06-23,Management,Report Preparation,13
2025-06-23,Management,Customer Feedback Review,7
2025-06-24,Front Desk,Check-ins,6
2025-06-24,Front Desk,Check-outs,11
2025-06-24,Front Desk,Phone Calls,7
2025-06-24,Front Desk,Guest Inquiries,9
2025-06-24,Front Desk,Complaints,16
2025-06-24,Housekeeping,Room Cleaning,17
2025-06-24,Housekeeping,Linen Change,2
2025-06-24,Housekeeping,Supply Restock,16
2025-06-24,Housekeeping,Maintenance Report,8
2025-06-24,Food & Beverage,Room Service Orders,25
2025-06-24,Food & Beverage,Buffet Service,12
2025-06-24,Food & Beverage,Table Service,6
2025-06-24,Food & Beverage,Inventory Check,24
2025-06-24,Maintenance,Fix Requests,4
2025-06-24,Maintenance,Safety Checks,2
2025-06-24,Maintenance,Equipment Maintenance,5
2025-06-24,Management,Staff Meetings,11
2025-06-24,Management,Report Preparation,11
2025-06-24,Management,Customer Feedback Review,12
2025-06-25,Front Desk,Check-ins,2
2025-06-25,Front Desk,Check-outs,18
2025-06-25,Front Desk,Phone Calls,10
2025-06-25,Front Desk,Guest Inquiries,6
2025-06-25,Front Desk,Complaints,5
2025-06-25,Housekeeping,Room Cleaning,15
2025-06-25,Housekeeping,Linen Change,12
2025-06-25,Housekeeping,Supply Restock,25
2025-06-25,Housekeeping,Maintenance Report,5
2025-06-25,Food & Beverage,Room Service Orders,6
2025-06-25,Food & Beverage,Buffet Service,14
2025-06-25,Food & Beverage,Table Service,12
2025-06-25,Food & Beverage,Inventory Check,7
2025-06-25,Maintenance,Fix Requests,11
2025-06-25,Maintenance,Safety Checks,24
2025-06-25,Maintenance,Equipment Maintenance,12
2025-06-25,Management,Staff Meetings,8
2025-06-25,Management,Report Preparation,8
2025-06-25,Management,Customer Feedback Review,12
2025-06-26,Front Desk,Check-ins,10
2025-06-26,Front Desk,Check-outs,14
2025-06-26,Front Desk,Phone Calls,12
2025-06-26,Front Desk,Guest Inquiries,17
2025-06-26,Front Desk,Complaints,16
2025-06-26,Housekeeping,Room Cleaning,13
2025-06-26,Housekeeping,Linen Change,2
2025-06-26,Housekeeping,Supply Restock,2
2025-06-26,Housekeeping,Maintenance Report,4
2025-06-26,Food & Beverage,Room Service Orders,7
2025-06-26,Food & Beverage,Buffet Service,6
2025-06-26,Food & Beverage,Table Service,6
2025-06-26,Food & Beverage,Inventory Check,7
2025-06-26,Maintenance,Fix Requests,19
2025-06-26,Maintenance,Safety Checks,11
2025-06-26,Maintenance,Equipment Maintenance,10
2025-06-26,Management,Staff Meetings,24
2025-06-26,Management,Report Preparation,11
2025-06-26,Management,Customer Feedback Review,8
2025-06-27,Front Desk,Check-ins,7
2025-06-27,Front Desk,Check-outs,11
2025-06-27,Front Desk,Phone Calls,5
2025-06-27,Front Desk,Guest Inquiries,10
2025-06-27,Front Desk,Complaints,3
2025-06-27,Housekeeping,Room Cleaning,11
2025-06-27,Housekeeping,Linen Change,16
2025-06-27,Housekeeping,Supply Restock,13
2025-06-27,Housekeeping,Maintenance Report,18
2025-06-27,Food & Beverage,Room Service Orders,7
2025-06-27,Food & Beverage,Buffet Service,13
2025-06-27,Food & Beverage,Table Service,4
2025-06-27,Food & Beverage,Inventory Check,14
2025-06-27,Maintenance,Fix Requests,4
2025-06-27,Maintenance,Safety Checks,15
2025-06-27,Maintenance,Equipment Maintenance,6
2025-06-27,Management,Staff Meetings,24
2025-06-27,Management,Report Preparation,5
2025-06-27,Management,Customer Feedback Review,14
2025-06-28,Front Desk,Check-ins,4
2025-06-28,Front Desk,Check-outs,5
2025-06-28,Front Desk,Phone Calls,7
2025-06-28,Front Desk,Guest Inquiries,17
2025-06-28,Front Desk,Complaints,5
2025-06-28,Housekeeping,Room Cleaning,12
2025-06-28,Housekeeping,Linen Change,16
2025-06-28,Housekeeping,Supply Restock,4
2025-06-28,Housekeeping,Maintenance Report,8
2025-06-28,Food & Beverage,Room Service Orders,1
2025-06-28,Food & Beverage,Buffet Service,13
2025-06-28,Food & Beverage,Table Service,17
2025-06-28,Food & Beverage,Inventory Check,17
2025-06-28,Maintenance,Fix Requests,17
2025-06-28,Maintenance,Safety Checks,4
2025-06-28,Maintenance,Equipment Maintenance,11
2025-06-28,Management,Staff Meetings,11
2025-06-28,Management,Report Preparation,3
2025-06-28,Management,Customer Feedback Review,14
2025-06-29,Front Desk,Check-ins,10
2025-06-29,Front Desk,Check-outs,28
2025-06-29,Front Desk,Phone Calls,18
2025-06-29,Front Desk,Guest Inquiries,14
2025-06-29,Front Desk,Complaints,21
2025-06-29,Housekeeping,Room Cleaning,2
2025-06-29,Housekeeping,Linen Change,13
2025-06-29,Housekeeping,Supply Restock,21
2025-06-29,Housekeeping,Maintenance Report,9
2025-06-29,Food & Beverage,Room Service Orders,8
2025-06-29,Food & Beverage,Buffet Service,17
2025-06-29,Food & Beverage,Table Service,10
2025-06-29,Food & Beverage,Inventory Check,13
2025-06-29,Maintenance,Fix Requests,6
2025-06-29,Maintenance,Safety Checks,4
2025-06-29,Maintenance,Equipment Maintenance,11
2025-06-29,Management,Staff Meetings,19
2025-06-29,Management,Report Preparation,9
2025-06-29,Management,Customer Feedback Review,4
2025-06-30,Front Desk,Check-ins,6
2025-06-30,Front Desk,Check-outs,9
2025-06-30,Front Desk,Phone Calls,13
2025-06-30,Front Desk,Guest Inquiries,12
2025-06-30,Front Desk,Complaints,23
2025-06-30,Housekeeping,Room Cleaning,7
2025-06-30,Housekeeping,Linen Change,9
2025-06-30,Housekeeping,Supply Restock,15
2025-06-30,Housekeeping,Maintenance Report,17
2025-06-30,Food & Beverage,Room Service Orders,16
2025-06-30,Food & Beverage,Buffet Service,13
2025-06-30,Food & Beverage,Table Service,13
2025-06-30,Food & Beverage,Inventory Check,8
2025-06-30,Maintenance,Fix Requests,4
2025-06-30,Maintenance,Safety Checks,9
2025-06-30,Maintenance,Equipment Maintenance,6
2025-06-30,Management,Staff Meetings,13
2025-06-30,Management,Report Preparation,8
2025-06-30,Management,Customer Feedback Review,11
2025-07-01,Front Desk,Check-ins,6
2025-07-01,Front Desk,Check-outs,4
2025-07-01,Front Desk,Phone Calls,9
2025-07-01,Front Desk,Guest Inquiries,10
2025-07-01,Front Desk,Complaints,2
2025-07-01,Housekeeping,Room Cleaning,16
2025-07-01,Housekeeping,Linen Change,4
2025-07-01,Housekeeping,Supply Restock,14
2025-07-01,Housekeeping,Maintenance Report,19
2025-07-01,Food & Beverage,Room Service Orders,19
2025-07-01,Food & Beverage,Buffet Service,11
2025-07-01,Food & Beverage,Table Service,15
2025-07-01,Food & Beverage,Inventory Check,18
2025-07-01,Maintenance,Fix Requests,14
2025-07-01,Maintenance,Safety Checks,13
2025-07-01,Maintenance,Equipment Maintenance,6
2025-07-01,Management,Staff Meetings,10
2025-07-01,Management,Report Preparation,5
2025-07-01,Management,Customer Feedback Review,15
2025-07-02,Front Desk,Check-ins,5
2025-07-02,Front Desk,Check-outs,17
2025-07-02,Front Desk,Phone Calls,14
2025-07-02,Front Desk,Guest Inquiries,5
2025-07-02,Front Desk,Complaints,11
2025-07-02,Housekeeping,Room Cleaning,10
2025-07-02,Housekeeping,Linen Change,14
2025-07-02,Housekeeping,Supply Restock,10
2025-07-02,Housekeeping,Maintenance Report,18
2025-07-02,Food & Beverage,Room Service Orders,9
2025-07-02,Food & Beverage,Buffet Service,14
2025-07-02,Food & Beverage,Table Service,14
2025-07-02,Food & Beverage,Inventory Check,15
2025-07-02,Maintenance,Fix Requests,17
2025-07-02,Maintenance,Safety Checks,15
2025-07-02,Maintenance,Equipment Maintenance,8
2025-07-02,Management,Staff Meetings,11
2025-07-02,Management,Report Preparation,10
2025-07-02,Management,Customer Feedback Review,4
2025-07-03,Front Desk,Check-ins,12
2025-07-03,Front Desk,Check-outs,6
2025-07-03,Front Desk,Phone Calls,12
2025-07-03,Front Desk,Guest Inquiries,17
2025-07-03,Front Desk,Complaints,3
2025-07-03,Housekeeping,Room Cleaning,10
2025-07-03,Housekeeping,Linen Change,15
2025-07-03,Housekeeping,Supply Restock,3
2025-07-03,Housekeeping,Maintenance Report,12
2025-07-03,Food & Beverage,Room Service Orders,20
2025-07-03,Food & Beverage,Buffet Service,11
2025-07-03,Food & Beverage,Table Service,19
2025-07-03,Food & Beverage,Inventory Check,7
2025-07-03,Maintenance,Fix Requests,23
2025-07-03,Maintenance,Safety Checks,13
2025-07-03,Maintenance,Equipment Maintenance,9
2025-07-03,Management,Staff Meetings,5
2025-07-03,Management,Report Preparation,18
2025-07-03,Management,Customer Feedback Review,5
2025-07-04,Front Desk,Check-ins,17
2025-07-04,Front Desk,Check-outs,13
2025-07-04,Front Desk,Phone Calls,3
2025-07-04,Front Desk,Guest Inquiries,5
2025-07-04,Front Desk,Complaints,4
2025-07-04,Housekeeping,Room Cleaning,4
2025-07-04,Housekeeping,Linen Change,14
2025-07-04,Housekeeping,Supply Restock,13
2025-07-04,Housekeeping,Maintenance Report,13
2025-07-04,Food & Beverage,Room Service Orders,18
2025-07-04,Food & Beverage,Buffet Service,15
2025-07-04,Food & Beverage,Table Service,4
2025-07-04,Food & Beverage,Inventory Check,12
2025-07-04,Maintenance,Fix Requests,14
2025-07-04,Maintenance,Safety Checks,23
2025-07-04,Maintenance,Equipment Maintenance,20
2025-07-04,Management,Staff Meetings,13
2025-07-04,Management,Report Preparation,19
2025-07-04,Management,Customer Feedback Review,2
2025-07-05,Front Desk,Check-ins,2
2025-07-05,Front Desk,Check-outs,6
2025-07-05,Front Desk,Phone Calls,13
2025-07-05,Front Desk,Guest Inquiries,8
2025-07-05,Front Desk,Complaints,8
2025-07-05,Housekeeping,Room Cleaning,3
2025-07-05,Housekeeping,Linen Change,9
2025-07-05,Housekeeping,Supply Restock,3
2025-07-05,Housekeeping,Maintenance Report,8
2025-07-05,Food & Beverage,Room Service Orders,20
2025-07-05,Food & Beverage,Buffet Service,24
2025-07-05,Food & Beverage,Table Service,11
2025-07-05,Food & Beverage,Inventory Check,2
2025-07-05,Maintenance,Fix Requests,15
2025-07-05,Maintenance,Safety Checks,5
2025-07-05,Maintenance,Equipment Maintenance,14
2025-07-05,Management,Staff Meetings,6
2025-07-05,Management,Report Preparation,19
2025-07-05,Management,Customer Feedback Review,18
2025-07-06,Front Desk,Check-ins,4
2025-07-06,Front Desk,Check-outs,9
2025-07-06,Front Desk,Phone Calls,1
2025-07-06,Front Desk,Guest Inquiries,19
2025-07-06,Front Desk,Complaints,5
2025-07-06,Housekeeping,Room Cleaning,9
2025-07-06,Housekeeping,Linen Change,15
2025-07-06,Housekeeping,Supply Restock,6
2025-07-06,Housekeeping,Maintenance Report,7
2025-07-06,Food & Beverage,Room Service Orders,4
2025-07-06,Food & Beverage,Buffet Service,16
2025-07-06,Food & Beverage,Table Service,9
2025-07-06,Food & Beverage,Inventory Check,14
2025-07-06,Maintenance,Fix Requests,14
2025-07-06,Maintenance,Safety Checks,10
2025-07-06,Maintenance,Equipment Maintenance,17
2025-07-06,Management,Staff Meetings,17
2025-07-06,Management,Report Preparation,6
2025-07-06,Management,Customer Feedback Review,11
2025-07-07,Front Desk,Check-ins,12
2025-07-07,Front Desk,Check-outs,11
2025-07-07,Front Desk,Phone Calls,17
2025-07-07,Front Desk,Guest Inquiries,20
2025-07-07,Front Desk,Complaints,20
2025-07-07,Housekeeping,Room Cleaning,6
2025-07-07,Housekeeping,Linen Change,4
2025-07-07,Housekeeping,Supply Restock,2
2025-07-07,Housekeeping,Maintenance Report,10
2025-07-07,Food & Beverage,Room Service Orders,9
2025-07-07,Food & Beverage,Buffet Service,3
2025-07-07,Food & Beverage,Table Service,9
2025-07-07,Food & Beverage,Inventory Check,24
2025-07-07,Maintenance,Fix Requests,9
2025-07-07,Maintenance,Safety Checks,15
2025-07-07,Maintenance,Equipment Maintenance,14
2025-07-07,Management,Staff Meetings,11
2025-07-07,Management,Report Preparation,5
2025-07-07,Management,Customer Feedback Review,5
2025-07-08,Front Desk,Check-ins,16
2025-07-08,Front Desk,Check-outs,11
2025-07-08,Front Desk,Phone Calls,6
2025-07-08,Front Desk,Guest Inquiries,15
2025-07-08,Front Desk,Complaints,13
2025-07-08,Housekeeping,Room Cleaning,22
2025-07-08,Housekeeping,Linen Change,13
2025-07-08,Housekeeping,Supply Restock,11
2025-07-08,Housekeeping,Maintenance Report,15
2025-07-08,Food & Beverage,Room Service Orders,12
2025-07-08,Food & Beverage,Buffet Service,18
2025-07-08,Food & Beverage,Table Service,13
2025-07-08,Food & Beverage,Inventory Check,17
2025-07-08,Maintenance,Fix Requests,8
2025-07-08,Maintenance,Safety Checks,20
2025-07-08,Maintenance,Equipment Maintenance,18
2025-07-08,Management,Staff Meetings,7
2025-07-08,Management,Report Preparation,8
2025-07-08,Management,Customer Feedback Review,22
2025-07-09,Front Desk,Check-ins,4
2025-07-09,Front Desk,Check-outs,6
2025-07-09,Front Desk,Phone Calls,19
2025-07-09,Front Desk,Guest Inquiries,1
2025-07-09,Front Desk,Complaints,9
2025-07-09,Housekeeping,Room Cleaning,5
2025-07-09,Housekeeping,Linen Change,10
2025-07-09,Housekeeping,Supply Restock,15
2025-07-09,Housekeeping,Maintenance Report,16
2025-07-09,Food & Beverage,Room Service Orders,19
2025-07-09,Food & Beverage,Buffet Service,12
2025-07-09,Food & Beverage,Table Service,6
2025-07-09,Food & Beverage,Inventory Check,11
2025-07-09,Maintenance,Fix Requests,18
2025-07-09,Maintenance,Safety Checks,8
2025-07-09,Maintenance,Equipment Maintenance,3
2025-07-09,Management,Staff Meetings,14
2025-07-09,Management,Report Preparation,1
2025-07-09,Management,Customer Feedback Review,18
2025-07-10,Front Desk,Check-ins,11
2025-07-10,Front Desk,Check-outs,10
2025-07-10,Front Desk,Phone Calls,8
2025-07-10,Front Desk,Guest Inquiries,3
2025-07-10,Front Desk,Complaints,5
2025-07-10,Housekeeping,Room Cleaning,19
2025-07-10,Housekeeping,Linen Change,8
2025-07-10,Housekeeping,Supply Restock,19
2025-07-10,Housekeeping,Maintenance Report,17
2025-07-10,Food & Beverage,Room Service Orders,16
2025-07-10,Food & Beverage,Buffet Service,13
2025-07-10,Food & Beverage,Table Service,14
2025-07-10,Food & Beverage,Inventory Check,16
2025-07-10,Maintenance,Fix Requests,12
2025-07-10,Maintenance,Safety Checks,13
2025-07-10,Maintenance,Equipment Maintenance,16
2025-07-10,Management,Staff Meetings,5
2025-07-10,Management,Report Preparation,0
2025-07-10,Management,Customer Feedback Review,20
2025-07-11,Front Desk,Check-ins,14
2025-07-11,Front Desk,Check-outs,16
2025-07-11,Front Desk,Phone Calls,16
2025-07-11,Front Desk,Guest Inquiries,19
2025-07-11,Front Desk,Complaints,13
2025-07-11,Housekeeping,Room Cleaning,8
2025-07-11,Housekeeping,Linen Change,15
2025-07-11,Housekeeping,Supply Restock,3
2025-07-11,Housekeeping,Maintenance Report,11
2025-07-11,Food & Beverage,Room Service Orders,13
2025-07-11,Food & Beverage,Buffet Service,10
2025-07-11,Food & Beverage,Table Service,5
2025-07-11,Food & Beverage,Inventory Check,4
2025-07-11,Maintenance,Fix Requests,9
2025-07-11,Maintenance,Safety Checks,10
2025-07-11,Maintenance,Equipment Maintenance,14
2025-07-11,Management,Staff Meetings,4
2025-07-11,Management,Report Preparation,11
2025-07-11,Management,Customer Feedback Review,24
2025-07-12,Front Desk,Check-ins,9
2025-07-12,Front Desk,Check-outs,5
2025-07-12,Front Desk,Phone Calls,10
2025-07-12,Front Desk,Guest Inquiries,10
2025-07-12,Front Desk,Complaints,0
2025-07-12,Housekeeping,Room Cleaning,18
2025-07-12,Housekeeping,Linen Change,16
2025-07-12,Housekeeping,Supply Restock,2
2025-07-12,Housekeeping,Maintenance Report,15
2025-07-12,Food & Beverage,Room Service Orders,9
2025-07-12,Food & Beverage,Buffet Service,2
2025-07-12,Food & Beverage,Table Service,4
2025-07-12,Food & Beverage,Inventory Check,12
2025-07-12,Maintenance,Fix Requests,17
2025-07-12,Maintenance,Safety Checks,14
2025-07-12,Maintenance,Equipment Maintenance,16
2025-07-12,Management,Staff Meetings,6
2025-07-12,Management,Report Preparation,14
2025-07-12,Management,Customer Feedback Review,12
2025-07-13,Front Desk,Check-ins,14
2025-07-13,Front Desk,Check-outs,5
2025-07-13,Front Desk,Phone Calls,7
2025-07-13,Front Desk,Guest Inquiries,15
2025-07-13,Front Desk,Complaints,18
2025-07-13,Housekeeping,Room Cleaning,14
2025-07-13,Housekeeping,Linen Change,14
2025-07-13,Housekeeping,Supply Restock,9
2025-07-13,Housekeeping,Maintenance Report,18
2025-07-13,Food & Beverage,Room Service Orders,10
2025-07-13,Food & Beverage,Buffet Service,8
2025-07-13,Food & Beverage,Table Service,12
2025-07-13,Food & Beverage,Inventory Check,12
2025-07-13,Maintenance,Fix Requests,4
2025-07-13,Maintenance,Safety Checks,6
2025-07-13,Maintenance,Equipment Maintenance,7
2025-07-13,Management,Staff Meetings,16
2025-07-13,Management,Report Preparation,17
2025-07-13,Management,Customer Feedback Review,4
2025-07-14,Front Desk,Check-ins,3
2025-07-14,Front Desk,Check-outs,19
2025-07-14,Front Desk,Phone Calls,4
2025-07-14,Front Desk,Guest Inquiries,12
2025-07-14,Front Desk,Complaints,15
2025-07-14,Housekeeping,Room Cleaning,18
2025-07-14,Housekeeping,Linen Change,19
2025-07-14,Housekeeping,Supply Restock,18
2025-07-14,Housekeeping,Maintenance Report,18
2025-07-14,Food & Beverage,Room Service Orders,12
2025-07-14,Food & Beverage,Buffet Service,11
2025-07-14,Food & Beverage,Table Service,14
2025-07-14,Food & Beverage,Inventory Check,26
2025-07-14,Maintenance,Fix Requests,19
2025-07-14,Maintenance,Safety Checks,7
2025-07-14,Maintenance,Equipment Maintenance,16
2025-07-14,Management,Staff Meetings,13
2025-07-14,Management,Report Preparation,22
2025-07-14,Management,Customer Feedback Review,15
2025-07-15,Front Desk,Check-ins,2
2025-07-15,Front Desk,Check-outs,7
2025-07-15,Front Desk,Phone Calls,14
2025-07-15,Front Desk,Guest Inquiries,14
2025-07-15,Front Desk,Complaints,12
2025-07-15,Housekeeping,Room Cleaning,15
2025-07-15,Housekeeping,Linen Change,7
2025-07-15,Housekeeping,Supply Restock,6
2025-07-15,Housekeeping,Maintenance Report,20
2025-07-15,Food & Beverage,Room Service Orders,18
2025-07-15,Food & Beverage,Buffet Service,18
2025-07-15,Food & Beverage,Table Service,23
2025-07-15,Food & Beverage,Inventory Check,5
2025-07-15,Maintenance,Fix Requests,15
2025-07-15,Maintenance,Safety Checks,9
2025-07-15,Maintenance,Equipment Maintenance,20
2025-07-15,Management,Staff Meetings,20
2025-07-15,Management,Report Preparation,8
2025-07-15,Management,Customer Feedback Review,20
2025-07-16,Front Desk,Check-ins,4
2025-07-16,Front Desk,Check-outs,12
2025-07-16,Front Desk,Phone Calls,6
2025-07-16,Front Desk,Guest Inquiries,10
2025-07-16,Front Desk,Complaints,10
2025-07-16,Housekeeping,Room Cleaning,1
2025-07-16,Housekeeping,Linen Change,17
2025-07-16,Housekeeping,Supply Restock,6
2025-07-16,Housekeeping,Maintenance Report,4
2025-07-16,Food & Beverage,Room Service Orders,16
2025-07-16,Food & Beverage,Buffet Service,8
2025-07-16,Food & Beverage,Table Service,5
2025-07-16,Food & Beverage,Inventory Check,15
2025-07-16,Maintenance,Fix Requests,17
2025-07-16,Maintenance,Safety Checks,11
2025-07-16,Maintenance,Equipment Maintenance,12
2025-07-16,Management,Staff Meetings,18
2025-07-16,Management,Report Preparation,3
2025-07-16,Management,Customer Feedback Review,17
2025-07-17,Front Desk,Check-ins,17
2025-07-17,Front Desk,Check-outs,12
2025-07-17,Front Desk,Phone Calls,12
2025-07-17,Front Desk,Guest Inquiries,4
2025-07-17,Front Desk,Complaints,8
2025-07-17,Housekeeping,Room Cleaning,5
2025-07-17,Housekeeping,Linen Change,18
2025-07-17,Housekeeping,Supply Restock,16
2025-07-17,Housekeeping,Maintenance Report,11
2025-07-17,Food & Beverage,Room Service Orders,15
2025-07-17,Food & Beverage,Buffet Service,9
2025-07-17,Food & Beverage,Table Service,16
2025-07-17,Food & Beverage,Inventory Check,7
2025-07-17,Maintenance,Fix Requests,6
2025-07-17,Maintenance,Safety Checks,11
2025-07-17,Maintenance,Equipment Maintenance,15
2025-07-17,Management,Staff Meetings,12
2025-07-17,Management,Report Preparation,3
2025-07-17,Management,Customer Feedback Review,6
2025-07-18,Front Desk,Check-ins,12
2025-07-18,Front Desk,Check-outs,3
2025-07-18,Front Desk,Phone Calls,15
2025-07-18,Front Desk,Guest Inquiries,4
2025-07-18,Front Desk,Complaints,20
2025-07-18,Housekeeping,Room Cleaning,11
2025-07-18,Housekeeping,Linen Change,3
2025-07-18,Housekeeping,Supply Restock,7
2025-07-18,Housekeeping,Maintenance Report,12
2025-07-18,Food & Beverage,Room Service Orders,2
2025-07-18,Food & Beverage,Buffet Service,13
2025-07-18,Food & Beverage,Table Service,2
2025-07-18,Food & Beverage,Inventory Check,6
2025-07-18,Maintenance,Fix Requests,3
2025-07-18,Maintenance,Safety Checks,18
2025-07-18,Maintenance,Equipment Maintenance,10
2025-07-18,Management,Staff Meetings,6
2025-07-18,Management,Report Preparation,18
2025-07-18,Management,Customer Feedback Review,19
2025-07-19,Front Desk,Check-ins,22
2025-07-19,Front Desk,Check-outs,17
2025-07-19,Front Desk,Phone Calls,23
2025-07-19,Front Desk,Guest Inquiries,16
2025-07-19,Front Desk,Complaints,11
2025-07-19,Housekeeping,Room Cleaning,16
2025-07-19,Housekeeping,Linen Change,9
2025-07-19,Housekeeping,Supply Restock,5
2025-07-19,Housekeeping,Maintenance Report,9
2025-07-19,Food & Beverage,Room Service Orders,9
2025-07-19,Food & Beverage,Buffet Service,10
2025-07-19,Food & Beverage,Table Service,17
2025-07-19,Food & Beverage,Inventory Check,12
2025-07-19,Maintenance,Fix Requests,8
2025-07-19,Maintenance,Safety Checks,15
2025-07-19,Maintenance,Equipment Maintenance,10
2025-07-19,Management,Staff Meetings,1
2025-07-19,Management,Report Preparation,5
2025-07-19,Management,Customer Feedback Review,13
2025-07-20,Front Desk,Check-ins,18
2025-07-20,Front Desk,Check-outs,4
2025-07-20,Front Desk,Phone Calls,16
2025-07-20,Front Desk,Guest Inquiries,3
2025-07-20,Front Desk,Complaints,8
2025-07-20,Housekeeping,Room Cleaning,9
2025-07-20,Housekeeping,Linen Change,12
2025-07-20,Housekeeping,Supply Restock,5
2025-07-20,Housekeeping,Maintenance Report,10
2025-07-20,Food & Beverage,Room Service Orders,8
2025-07-20,Food & Beverage,Buffet Service,8
2025-07-20,Food & Beverage,Table Service,5
2025-07-20,Food & Beverage,Inventory Check,4
2025-07-20,Maintenance,Fix Requests,14
2025-07-20,Maintenance,Safety Checks,9
2025-07-20,Maintenance,Equipment Maintenance,21
2025-07-20,Management,Staff Meetings,9
2025-07-20,Management,Report Preparation,9
2025-07-20,Management,Customer Feedback Review,8
2025-07-21,Front Desk,Check-ins,20
2025-07-21,Front Desk,Check-outs,4
2025-07-21,Front Desk,Phone Calls,14
2025-07-21,Front Desk,Guest Inquiries,5
2025-07-21,Front Desk,Complaints,3
2025-07-21,Housekeeping,Room Cleaning,8
2025-07-21,Housekeeping,Linen Change,6
2025-07-21,Housekeeping,Supply Restock,11
2025-07-21,Housekeeping,Maintenance Report,8
2025-07-21,Food & Beverage,Room Service Orders,10
2025-07-21,Food & Beverage,Buffet Service,20
2025-07-21,Food & Beverage,Table Service,11
2025-07-21,Food & Beverage,Inventory Check,5
2025-07-21,Maintenance,Fix Requests,6
2025-07-21,Maintenance,Safety Checks,17
2025-07-21,Maintenance,Equipment Maintenance,12
2025-07-21,Management,Staff Meetings,16
2025-07-21,Management,Report Preparation,6
2025-07-21,Management,Customer Feedback Review,13
2025-07-22,Front Desk,Check-ins,4
2025-07-22,Front Desk,Check-outs,10
2025-07-22,Front Desk,Phone Calls,10
2025-07-22,Front Desk,Guest Inquiries,8
2025-07-22,Front Desk,Complaints,20
2025-07-22,Housekeeping,Room Cleaning,10
2025-07-22,Housekeeping,Linen Change,0
2025-07-22,Housekeeping,Supply Restock,13
2025-07-22,Housekeeping,Maintenance Report,5
2025-07-22,Food & Beverage,Room Service Orders,6
2025-07-22,Food & Beverage,Buffet Service,4
2025-07-22,Food & Beverage,Table Service,3
2025-07-22,Food & Beverage,Inventory Check,1
2025-07-22,Maintenance,Fix Requests,16
2025-07-22,Maintenance,Safety Checks,7
2025-07-22,Maintenance,Equipment Maintenance,8
2025-07-22,Management,Staff Meetings,13
2025-07-22,Management,Report Preparation,13
2025-07-22,Management,Customer Feedback Review,0
2025-07-23,Front Desk,Check-ins,16
2025-07-23,Front Desk,Check-outs,14
2025-07-23,Front Desk,Phone Calls,20
2025-07-23,Front Desk,Guest Inquiries,28
2025-07-23,Front Desk,Complaints,8
2025-07-23,Housekeeping,Room Cleaning,19
2025-07-23,Housekeeping,Linen Change,5
2025-07-23,Housekeeping,Supply Restock,2
2025-07-23,Housekeeping,Maintenance Report,24
2025-07-23,Food & Beverage,Room Service Orders,10
2025-07-23,Food & Beverage,Buffet Service,18
2025-07-23,Food & Beverage,Table Service,7
2025-07-23,Food & Beverage,Inventory Check,7
2025-07-23,Maintenance,Fix Requests,20
2025-07-23,Maintenance,Safety Checks,11
2025-07-23,Maintenance,Equipment Maintenance,10
2025-07-23,Management,Staff Meetings,1
2025-07-23,Management,Report Preparation,16
2025-07-23,Management,Customer Feedback Review,14
2025-07-24,Front Desk,Check-ins,11
2025-07-24,Front Desk,Check-outs,15
2025-07-24,Front Desk,Phone Calls,11
2025-07-24,Front Desk,Guest Inquiries,7
2025-07-24,Front Desk,Complaints,2
2025-07-24,Housekeeping,Room Cleaning,3
2025-07-24,Housekeeping,Linen Change,10
2025-07-24,Housekeeping,Supply Restock,8
2025-07-24,Housekeeping,Maintenance Report,4
2025-07-24,Food & Beverage,Room Service Orders,27
2025-07-24,Food & Beverage,Buffet Service,14
2025-07-24,Food & Beverage,Table Service,7
2025-07-24,Food & Beverage,Inventory Check,3
2025-07-24,Maintenance,Fix Requests,15
2025-07-24,Maintenance,Safety Checks,7
2025-07-24,Maintenance,Equipment Maintenance,16
2025-07-24,Management,Staff Meetings,17
2025-07-24,Management,Report Preparation,2
2025-07-24,Management,Customer Feedback Review,18
2025-07-25,Front Desk,Check-ins,7
2025-07-25,Front Desk,Check-outs,13
2025-07-25,Front Desk,Phone Calls,10
2025-07-25,Front Desk,Guest Inquiries,5
2025-07-25,Front Desk,Complaints,2
2025-07-25,Housekeeping,Room Cleaning,20
2025-07-25,Housekeeping,Linen Change,11
2025-07-25,Housekeeping,Supply Restock,23
2025-07-25,Housekeeping,Maintenance Report,18
2025-07-25,Food & Beverage,Room Service Orders,0
2025-07-25,Food & Beverage,Buffet Service,1
2025-07-25,Food & Beverage,Table Service,8
2025-07-25,Food & Beverage,Inventory Check,8
2025-07-25,Maintenance,Fix Requests,12
2025-07-25,Maintenance,Safety Checks,17
2025-07-25,Maintenance,Equipment Maintenance,17
2025-07-25,Management,Staff Meetings,6
2025-07-25,Management,Report Preparation,7
2025-07-25,Management,Customer Feedback Review,12
2025-07-26,Front Desk,Check-ins,3
2025-07-26,Front Desk,Check-outs,4
2025-07-26,Front Desk,Phone Calls,9
2025-07-26,Front Desk,Guest Inquiries,20
2025-07-26,Front Desk,Complaints,1
2025-07-26,Housekeeping,Room Cleaning,16
2025-07-26,Housekeeping,Linen Change,8
2025-07-26,Housekeeping,Supply Restock,1
2025-07-26,Housekeeping,Maintenance Report,20
2025-07-26,Food & Beverage,Room Service Orders,14
2025-07-26,Food & Beverage,Buffet Service,2
2025-07-26,Food & Beverage,Table Service,5
2025-07-26,Food & Beverage,Inventory Check,17
2025-07-26,Maintenance,Fix Requests,13
2025-07-26,Maintenance,Safety Checks,14
2025-07-26,Maintenance,Equipment Maintenance,24
2025-07-26,Management,Staff Meetings,3
2025-07-26,Management,Report Preparation,12
2025-07-26,Management,Customer Feedback Review,6
2025-07-27,Front Desk,Check-ins,6
2025-07-27,Front Desk,Check-outs,20
2025-07-27,Front Desk,Phone Calls,16
2025-07-27,Front Desk,Guest Inquiries,8
2025-07-27,Front Desk,Complaints,4
2025-07-27,Housekeeping,Room Cleaning,12
2025-07-27,Housekeeping,Linen Change,21
2025-07-27,Housekeeping,Supply Restock,16
2025-07-27,Housekeeping,Maintenance Report,10
2025-07-27,Food & Beverage,Room Service Orders,0
2025-07-27,Food & Beverage,Buffet Service,3
2025-07-27,Food & Beverage,Table Service,23
2025-07-27,Food & Beverage,Inventory Check,3
2025-07-27,Maintenance,Fix Requests,10
2025-07-27,Maintenance,Safety Checks,17
2025-07-27,Maintenance,Equipment Maintenance,14
2025-07-27,Management,Staff Meetings,17
2025-07-27,Management,Report Preparation,9
2025-07-27,Management,Customer Feedback Review,18
2025-07-28,Front Desk,Check-ins,5
2025-07-28,Front Desk,Check-outs,9
2025-07-28,Front Desk,Phone Calls,13
2025-07-28,Front Desk,Guest Inquiries,4
2025-07-28,Front Desk,Complaints,7
2025-07-28,Housekeeping,Room Cleaning,13
2025-07-28,Housekeeping,Linen Change,17
2025-07-28,Housekeeping,Supply Restock,15
2025-07-28,Housekeeping,Maintenance Report,16
2025-07-28,Food & Beverage,Room Service Orders,17
2025-07-28,Food & Beverage,Buffet Service,3
2025-07-28,Food & Beverage,Table Service,9
2025-07-28,Food & Beverage,Inventory Check,19
2025-07-28,Maintenance,Fix Requests,18
2025-07-28,Maintenance,Safety Checks,19
2025-07-28,Maintenance,Equipment Maintenance,18
2025-07-28,Management,Staff Meetings,12
2025-07-28,Management,Report Preparation,16
2025-07-28,Management,Customer Feedback Review,6
2025-07-29,Front Desk,Check-ins,11
2025-07-29,Front Desk,Check-outs,11
2025-07-29,Front Desk,Phone Calls,6
2025-07-29,Front Desk,Guest Inquiries,19
2025-07-29,Front Desk,Complaints,8
2025-07-29,Housekeeping,Room Cleaning,19
2025-07-29,Housekeeping,Linen Change,3
2025-07-29,Housekeeping,Supply Restock,16
2025-07-29,Housekeeping,Maintenance Report,13
2025-07-29,Food & Beverage,Room Service Orders,4
2025-07-29,Food & Beverage,Buffet Service,2
2025-07-29,Food & Beverage,Table Service,5
2025-07-29,Food & Beverage,Inventory Check,9
2025-07-29,Maintenance,Fix Requests,18
2025-07-29,Maintenance,Safety Checks,9
2025-07-29,Maintenance,Equipment Maintenance,5
2025-07-29,Management,Staff Meetings,2
2025-07-29,Management,Report Preparation,23
2025-07-29,Management,Customer Feedback Review,18
2025-07-30,Front Desk,Check-ins,17
2025-07-30,Front Desk,Check-outs,10
2025-07-30,Front Desk,Phone Calls,14
2025-07-30,Front Desk,Guest Inquiries,8
2025-07-30,Front Desk,Complaints,3
2025-07-30,Housekeeping,Room Cleaning,26
2025-07-30,Housekeeping,Linen Change,4
2025-07-30,Housekeeping,Supply Restock,13
2025-07-30,Housekeeping,Maintenance Report,8
2025-07-30,Food & Beverage,Room Service Orders,15
2025-07-30,Food & Beverage,Buffet Service,13
2025-07-30,Food & Beverage,Table Service,17
2025-07-30,Food & Beverage,Inventory Check,7
2025-07-30,Maintenance,Fix Requests,9
2025-07-30,Maintenance,Safety Checks,5
2025-07-30,Maintenance,Equipment Maintenance,4
2025-07-30,Management,Staff Meetings,16
2025-07-30,Management,Report Preparation,20
2025-07-30,Management,Customer Feedback Review,14
2025-07-31,Front Desk,Check-ins,17
2025-07-31,Front Desk,Check-outs,8
2025-07-31,Front Desk,Phone Calls,15
2025-07-31,Front Desk,Guest Inquiries,11
2025-07-31,Front Desk,Complaints,18
2025-07-31,Housekeeping,Room Cleaning,4
2025-07-31,Housekeeping,Linen Change,19
2025-07-31,Housekeeping,Supply Restock,16
2025-07-31,Housekeeping,Maintenance Report,3
2025-07-31,Food & Beverage,Room Service Orders,14
2025-07-31,Food & Beverage,Buffet Service,13
2025-07-31,Food & Beverage,Table Service,20
2025-07-31,Food & Beverage,Inventory Check,2
2025-07-31,Maintenance,Fix Requests,22
2025-07-31,Maintenance,Safety Checks,13
2025-07-31,Maintenance,Equipment Maintenance,6
2025-07-31,Management,Staff Meetings,7
2025-07-31,Management,Report Preparation,12
2025-07-31,Management,Customer Feedback Review,5
2025-08-01,Front Desk,Check-ins,2
2025-08-01,Front Desk,Check-outs,18
2025-08-01,Front Desk,Phone Calls,16
2025-08-01,Front Desk,Guest Inquiries,9
2025-08-01,Front Desk,Complaints,8
2025-08-01,Housekeeping,Room Cleaning,10
2025-08-01,Housekeeping,Linen Change,15
2025-08-01,Housekeeping,Supply Restock,2
2025-08-01,Housekeeping,Maintenance Report,16
2025-08-01,Food & Beverage,Room Service Orders,18
2025-08-01,Food & Beverage,Buffet Service,18
2025-08-01,Food & Beverage,Table Service,18
2025-08-01,Food & Beverage,Inventory Check,8
2025-08-01,Maintenance,Fix Requests,22
2025-08-01,Maintenance,Safety Checks,4
2025-08-01,Maintenance,Equipment Maintenance,25
2025-08-01,Management,Staff Meetings,9
2025-08-01,Management,Report Preparation,14
2025-08-01,Management,Customer Feedback Review,19
2025-08-02,Front Desk,Check-ins,16
2025-08-02,Front Desk,Check-outs,2
2025-08-02,Front Desk,Phone Calls,15
2025-08-02,Front Desk,Guest Inquiries,11
2025-08-02,Front Desk,Complaints,12
2025-08-02,Housekeeping,Room Cleaning,16
2025-08-02,Housekeeping,Linen Change,8
2025-08-02,Housekeeping,Supply Restock,16
2025-08-02,Housekeeping,Maintenance Report,4
2025-08-02,Food & Beverage,Room Service Orders,2
2025-08-02,Food & Beverage,Buffet Service,13
2025-08-02,Food & Beverage,Table Service,12
2025-08-02,Food & Beverage,Inventory Check,8
2025-08-02,Maintenance,Fix Requests,1
2025-08-02,Maintenance,Safety Checks,9
2025-08-02,Maintenance,Equipment Maintenance,3
2025-08-02,Management,Staff Meetings,21
2025-08-02,Management,Report Preparation,12
2025-08-02,Management,Customer Feedback Review,6
2025-08-03,Front Desk,Check-ins,4
2025-08-03,Front Desk,Check-outs,8
2025-08-03,Front Desk,Phone Calls,20
2025-08-03,Front Desk,Guest Inquiries,15
2025-08-03,Front Desk,Complaints,20
2025-08-03,Housekeeping,Room Cleaning,5
2025-08-03,Housekeeping,Linen Change,12
2025-08-03,Housekeeping,Supply Restock,18
2025-08-03,Housekeeping,Maintenance Report,21
2025-08-03,Food & Beverage,Room Service Orders,5
2025-08-03,Food & Beverage,Buffet Service,5
2025-08-03,Food & Beverage,Table Service,4
2025-08-03,Food & Beverage,Inventory Check,23
2025-08-03,Maintenance,Fix Requests,5
2025-08-03,Maintenance,Safety Checks,10
2025-08-03,Maintenance,Equipment Maintenance,2
2025-08-03,Management,Staff Meetings,14
2025-08-03,Management,Report Preparation,15
2025-08-03,Management,Customer Feedback Review,16
2025-08-04,Front Desk,Check-ins,9
2025-08-04,Front Desk,Check-outs,13
2025-08-04,Front Desk,Phone Calls,17
2025-08-04,Front Desk,Guest Inquiries,14
2025-08-04,Front Desk,Complaints,12
2025-08-04,Housekeeping,Room Cleaning,10
2025-08-04,Housekeeping,Linen Change,8
2025-08-04,Housekeeping,Supply Restock,1
2025-08-04,Housekeeping,Maintenance Report,11
2025-08-04,Food & Beverage,Room Service Orders,10
2025-08-04,Food & Beverage,Buffet Service,2
2025-08-04,Food & Beverage,Table Service,18
2025-08-04,Food & Beverage,Inventory Check,6
2025-08-04,Maintenance,Fix Requests,21
2025-08-04,Maintenance,Safety Checks,21
2025-08-04,Maintenance,Equipment Maintenance,10
2025-08-04,Management,Staff Meetings,20
2025-08-04,Management,Report Preparation,11
2025-08-04,Management,Customer Feedback Review,12
2025-08-05,Front Desk,Check-ins,4
2025-08-05,Front Desk,Check-outs,21
2025-08-05,Front Desk,Phone Calls,2
2025-08-05,Front Desk,Guest Inquiries,19
2025-08-05,Front Desk,Complaints,6
2025-08-05,Housekeeping,Room Cleaning,2
2025-08-05,Housekeeping,Linen Change,3
2025-08-05,Housekeeping,Supply Restock,2
2025-08-05,Housekeeping,Maintenance Report,17
2025-08-05,Food & Beverage,Room Service Orders,8
2025-08-05,Food & Beverage,Buffet Service,18
2025-08-05,Food & Beverage,Table Service,12
2025-08-05,Food & Beverage,Inventory Check,16
2025-08-05,Maintenance,Fix Requests,23
2025-08-05,Maintenance,Safety Checks,15
2025-08-05,Maintenance,Equipment Maintenance,12
2025-08-05,Management,Staff Meetings,14
2025-08-05,Management,Report Preparation,9
2025-08-05,Management,Customer Feedback Review,11
2025-08-06,Front Desk,Check-ins,4
2025-08-06,Front Desk,Check-outs,12
2025-08-06,Front Desk,Phone Calls,17
2025-08-06,Front Desk,Guest Inquiries,2
2025-08-06,Front Desk,Complaints,14
2025-08-06,Housekeeping,Room Cleaning,8
2025-08-06,Housekeeping,Linen Change,4
2025-08-06,Housekeeping,Supply Restock,2
2025-08-06,Housekeeping,Maintenance Report,22
2025-08-06,Food & Beverage,Room Service Orders,11
2025-08-06,Food & Beverage,Buffet Service,10
2025-08-06,Food & Beverage,Table Service,25
2025-08-06,Food & Beverage,Inventory Check,3
2025-08-06,Maintenance,Fix Requests,9
2025-08-06,Maintenance,Safety Checks,7
2025-08-06,Maintenance,Equipment Maintenance,9
2025-08-06,Management,Staff Meetings,16
2025-08-06,Management,Report Preparation,4
2025-08-06,Management,Customer Feedback Review,1
